,productName,productTag,supplier,category,packing,origin,brand,effectiveDate,spec1,spec2,spec3,spec4,spec5,spec6,price,weightUnit,warehouse,notes
0,,,盈星,,,巴西,,2022.01.06,,,,,,,30.0,kg,沙2,
1,,牛腩,盈星,BEEF,,巴西,,2022.01.06,,,,,,,12.5,kg,沙2,
2,MATABOI 牛腩,牛腩,盈星,BEEF,,巴西,BOI BRASIL,2022.01.06,,,,,,,12.5,kg,沙2,
3, 牛腩,牛腩,盈星,BEEF,,巴西,MINERVA,2022.01.06,,,,,,,12.4,kg,沙2,
4, 牛腩P4060,牛腩,盈星,BEEF,,巴西,PLENA,2022.01.06,,,,,,,12.6,kg,沙2,
5, 牛腩P4413,牛腩,盈星,BEEF,,巴西,QUALITY BEEF,2022.01.06,,,,,,,13.7,kg,沙2,
6,,牛肋條,盈星,BEEF,,巴西,,2022.01.06,,,,,,,21.3,kg,沙2,
7, 牛肋條,牛肋條,盈星,BEEF,,巴西,ANGLO,2022.01.06,,,,,,,20.3,kg,沙2,
8, 牛肋條P431,牛肋條,盈星,BEEF,,巴西,MINERVA,2022.01.06,,,,,,,20.8,kg,沙2,
9, 牛肋條(不分廠),牛肋條,盈星,BEEF,,巴西,MINERVA,2022.01.06,,,,,,,20.5,kg,沙2,
10,,牛肋條,盈星,BEEF,,巴西,,2022.01.06,,,,,,,20.5,kg,沙2,
11, 金錢展,金錢𦟌,盈星,BEEF,,巴西,ANGLO,2022.01.06,,,,,,,34.5,kg,沙2,
11, 金錢展,金錢𦟌,盈星,BEEF,,巴西,ANGLO,2022.01.06,,,,,,,34.5,kg,其士,
12,,金錢𦟌,盈星,BEEF,,巴西,,2022.01.06,,,,,,,48.5,kg,沙2,
13, 金錢展P431,金錢𦟌,盈星,BEEF,,巴西,MINERVA,2022.01.06,,,,,,,37.5,kg,沙2,
14, 金錢展P1940,金錢𦟌,盈星,BEEF,,巴西,MINERVA,2022.01.06,,,,,,,37.0,kg,沙2,
15, 金錢展(不分廠),金錢𦟌,盈星,BEEF,,巴西,MINERVA,2022.01.06,,,,,,,36.5,kg,沙2,
16,,牛柳頭,盈星,BEEF,,巴西,,2022.01.06,,,,,,,39.8,kg,沙2,
17,,牛仔扒,盈星,BEEF,,巴西,,2022.01.06,,,,,,,22.5,kg,沙2,
18,MASTERBOI 牛頭肉P2437/860,,盈星,,,巴西,BOI BRASIL,2022.01.06,,,,,,,9.0,kg,沙2,
19,,,盈星,,,巴西,,2022.01.06,,,,,,,23.0,kg,沙2,
20, 原色金錢肚,,盈星,,,巴西,MINERVA,2022.01.06,,,,,,,22.8,kg,沙2,
21,,,盈星,,,巴西,,2022.01.06,,,,,,,22.7,kg,沙2,
22,,牛骨髓,盈星,BEEF,,巴西,,2022.01.06,,,,,,,37.0,kg,沙2,
23,,,盈星,,,阿根廷,,2022.01.06,,,,,,,8.2,kg,沙2,
24, 牛冧4K+,牛冧,盈星,BEEF,,巴西,ANGLO,2022.01.06,4K+,,,,,,18.5,kg,沙2,
25,,牛冧,盈星,BEEF,,巴西,,2022.01.06,4K+,,,,,,19.5,kg,沙2,
26, 安格斯牛小排CAB P245L,去骨牛小排,盈星,BEEF,,美國,IBP,2022.01.06,245L廠,CAB,,,,,121.0,kg,其士,
27,,西冷,盈星,BEEF,,巴西,,2022.01.06,4K+,,,,,,30.3,kg,沙2,
28, 西冷4K+ P1940,西冷,盈星,BEEF,,巴西,MINERVA,2022.01.06,4K+,,,,,,31.3,kg,沙2,
29, 牛尾P1940,牛尾,盈星,BEEF,,巴西,MINERVA,2022.01.06,,,,,,,13.0,kg,沙2,
30, 牛尾P431,牛尾,盈星,BEEF,,巴西,MINERVA,2022.01.06,,,,,,,12.8,kg,沙2,
31, 牛尾P1365,牛尾,盈星,BEEF,,巴西,NATURAFRIG,2022.01.06,,,,,,,13.8,kg,沙2,
32,,牛孖筋,盈星,BEEF,,巴西,,2022.01.06,,,,,,,16.0,kg,沙2,
33,,牛孖筋,盈星,BEEF,,巴西,,2022.01.06,,,,,,,19.0,kg,沙2,
34,MASTERBOI 牛孖筋P2437,牛孖筋,盈星,BEEF,,巴西,BOI BRASIL,2022.01.06,,,,,,,17.8,kg,沙2,
35,,牛孖筋,盈星,BEEF,,阿根廷,,2022.01.06,,,,,,,12.6,kg,沙2,
36,,牛孖筋,盈星,BEEF,,巴西,,2022.01.06,,,,,,,12.6,kg,沙2,
37, 牛孖筋,牛孖筋,盈星,BEEF,,巴西,MINERVA,2022.01.06,,,,,,,17.8,kg,沙2,
37, 牛孖筋,牛孖筋,盈星,BEEF,,巴西,MINERVA,2022.01.06,,,,,,,17.8,kg,其士,
38, 粗牛孖筋P1365,牛孖筋,盈星,BEEF,,巴西,NATURAFRIG,2022.01.06,,,,,,,17.8,kg,沙2,
39, 牛孖筋P4407,牛孖筋,盈星,BEEF,,巴西,OFFAL,2022.01.06,,,,,,,13.4,kg,沙2,
40, 牛孖筋,牛孖筋,盈星,BEEF,,巴西,PLENA,2022.01.06,,,,,,,17.8,kg,沙2,
40, 牛孖筋,牛孖筋,盈星,BEEF,,巴西,PLENA,2022.01.06,,,,,,,17.8,kg,其士,
41,,牛孖筋,盈星,BEEF,,巴西,,2022.01.06,,,,,,,17.8,kg,沙2,
42,,牛柳,盈星,BEEF,,巴西,,2022.01.06,4/5,,,,,,56.0,kg,沙2,
43,,牛柳,盈星,BEEF,,巴西,,2022.01.06,5/6,,,,,,55.0,kg,沙2,
44, 牛脷900G+,牛舌,盈星,BEEF,,巴西,FRIALTO,2022.01.06,+900G,,,,,,18.4,kg,沙2,
45,,牛舌,盈星,BEEF,,巴西,,2022.01.06,+900G,,,,,,14.8,kg,沙2,
46,,,盈星,,,巴西,,2022.01.06,,,,,,,20.8,kg,沙2,
47,,,盈星,,,美國,,2022.01.06,,,,,,,3.8,kg,沙2,
48, 雞脾扒200G+P103,,盈星,,,巴西,SADIA,2022.01.06,+200G,,,,,,7.5,kg,沙2,
49, 雞全翼100G+,雞全翼,盈星,CHICKEN,,巴西,AURORA,2022.01.06,100G+,,,,,,7.3,kg,沙2,
50, 帶皮無骨雞腿肉,,盈星,,,巴西,SUPER FRANGO,2022.01.06,帶皮,,,,,,8.7,kg,其士,
51,,,盈星,,,美國,,2022.01.06,+200G,,,,,,8.4,lb,沙2,
52,,,盈星,,,美國,,2022.01.06,220/240,,,,,,8.0,lb,沙2,
53,,,盈星,,,美國,,2022.01.06,240/260,,,,,,7.8,lb,沙2,
54,,,盈星,,,美國,,2022.01.06,260/280,,,,,,7.6,lb,沙2,
55,CASE FARMS 珍寶雞脾(餅裝),,盈星,,,美國,CASEFARM,2022.01.06,餅裝,,,,,,4.9,lb,沙2,
56, 帶骨豬腩P915,豬腩帶骨,盈星,PORK,,巴西,ALIBEM,2022.01.06,帶骨,,,,,,11.6,kg,沙2,
57, 帶骨豬腩,豬腩帶骨,盈星,PORK,,巴西,FRIMESA,2022.01.06,帶骨,,,,,,11.6,kg,沙2,
57, 帶骨豬腩,豬腩帶骨,盈星,PORK,,巴西,FRIMESA,2022.01.06,帶骨,,,,,,11.6,kg,其士,
58, 豬耳片,,盈星,,,巴西,ALEGRA,2022.01.06,,,,,,,12.5,kg,沙2,
59, 豬耳片,,盈星,,,巴西,PIF PAF,2022.01.06,,,,,,,13.2,kg,沙2,
60, 豬前手P915/2146,,盈星,,,巴西,ALIBEM,2022.01.06,,,,,,,4.5,kg,沙2,
61, 豬前手,,盈星,,,巴西,FRIMESA,2022.01.06,,,,,,,4.5,kg,沙2,
62, 豬前手,,盈星,,,巴西,PIF PAF,2022.01.06,,,,,,,4.2,kg,沙2,
62, 豬前手,,盈星,,,巴西,PIF PAF,2022.01.06,,,,,,,4.2,kg,其士,
63, 豬後腳,,盈星,,,巴西,PIF PAF,2022.01.06,,,,,,,3.4,kg,沙2,
63, 豬後腳,,盈星,,,巴西,PIF PAF,2022.01.06,,,,,,,3.4,kg,其士,
64, 豬踭P129,豬踭,盈星,PORK,,巴西,OLYMEL,2022.01.06,,,,,,,6.0,kg,沙2,
65, 豬梅肉,豬梅肉,盈星,PORK,,巴西,ALEGRA,2022.01.06,,,,,,,11.0,kg,沙2,
66, 豬梅肉P915,豬梅肉,盈星,PORK,,巴西,ALIBEM,2022.01.06,,,,,,,10.2,kg,沙2,
67,,豬梅肉,盈星,PORK,,波蘭,,2022.01.06,,,,,,,12.0,kg,沙2,
68, 豬梅肉,豬梅肉,盈星,PORK,,巴西,PIF PAF,2022.01.06,,,,,,,10.0,kg,沙2,
69, 豬三肉P915,豬肉眼,盈星,PORK,,巴西,ALIBEM,2022.01.06,,,,,,,10.4,kg,沙2,
70, 豬三肉P727,豬肉眼,盈星,PORK,,巴西,FRIMESA,2022.01.06,,,,,,,10.7,kg,沙2,
71, 豬三肉,豬肉眼,盈星,PORK,,巴西,PIF PAF,2022.01.06,,,,,,,11.3,kg,沙2,
72, 四肉,豬四肉,盈星,PORK,,巴西,ALEGRA,2022.01.06,,,,,,,8.0,kg,沙2,
73, 四肉,豬四肉,盈星,PORK,,巴西,ALIBEM,2022.01.06,,,,,,,8.5,kg,沙2,
74, 削骨豬扒P151,豬扒,盈星,PORK,,巴西,ALEGRA,2022.01.06,削骨,,,,,,8.2,kg,沙2,
75, 帶骨豬扒P151,豬扒,盈星,PORK,,巴西,ALEGRA,2022.01.06,帶骨,,,,,,8.0,kg,沙2,
76,,豬肚,盈星,PORK,,荷蘭,,2022.01.06,,,,,,,6.5,kg,沙2,
77,,豬肚,盈星,PORK,,,,2022.01.06,,,,,,,6.5,kg,沙2,
78,,豬肚,盈星,PORK,,,,2022.01.06,,,,,,,6.7,kg,沙2,
78,,豬肚,盈星,PORK,,,,2022.01.06,,,,,,,6.7,kg,其士,
79, 熟豬肚,豬肚,盈星,PORK,,巴西,PIF PAF,2022.01.06,,,,,,,6.8,kg,沙2,
80, 豬仔骨,,盈星,,,巴西,PALMALI,2022.01.06,,,,,,,12.2,kg,沙2,
81, 豬仔骨60,,盈星,,,巴西,SEARA,2022.01.06,,,,,,,12.2,kg,沙2,
82, 豬軟骨,豬軟骨,盈星,PORK,,荷蘭,P109,2022.01.06,,,,,,,14.8,kg,沙2,
83, 豬軟骨,豬軟骨,盈星,PORK,,荷蘭,P584,2022.01.06,,,,,,,14.6,kg,沙2,
84, 豬肋排,豬肋排,盈星,PORK,,荷蘭,P584,2022.01.06,,,,,,,8.8,kg,沙2,
85, 豬柳P915,,盈星,,,巴西,ALIBEM,2022.01.06,,,,,,,9.8,kg,沙2,
86, 豬柳P151,,盈星,,,巴西,ALEGRA,2022.01.06,,,,,,,10.5,kg,沙2,
87, 豬脷P727,豬舌,盈星,PORK,,巴西,FRIMESA,2022.01.06,,,,,,,7.7,kg,沙2,
88, 豬脷,豬舌,盈星,PORK,,巴西,PIF PAF,2022.01.06,,,,,,,4.5,kg,沙2,
89, 豬脷,豬舌,盈星,PORK,,巴西,PIF PAF,2022.01.06,,,,,,,6.8,kg,沙2,
90,,,盈星,,,荷蘭,,2022.01.06,,,,,,,8.0,kg,沙2,
91, 豬大腸P915/2146,豬大腸,盈星,PORK,,巴西,ALIBEM,2022.01.06,,,,,,,12.7,kg,沙2,
92, 熟豬大腸,豬大腸,盈星,PORK,,巴西,ALEGRA,2022.01.06,,,,,,,11.5,kg,沙2,
93, 熟豬大腸,豬大腸,盈星,PORK,,巴西,AURORA,2022.01.06,,,,,,,14.3,kg,沙2,
94, 熟豬大腸,豬大腸,盈星,PORK,,巴西,PIF PAF,2022.01.06,,,,,,,12.0,kg,沙2,
95, 豬大腸,豬大腸,盈星,PORK,,巴西,PALMALI,2022.01.06,,,,,,,12.0,kg,沙2,
96,,,盈星,,,巴西,,2022.01.25,,,,,,,30.0,kg,沙2,
97, 牛腩,牛腩,盈星,BEEF,,巴西,FRIGON,2022.01.25,,,,,,,13.6,kg,沙2,
98,,牛腩,盈星,BEEF,,巴西,,2022.01.25,,,,,,,12.5,kg,沙2,
99,MATABOI 牛腩,牛腩,盈星,BEEF,,巴西,BOI BRASIL,2022.01.25,,,,,,,12.5,kg,沙2,
100, 牛腩,牛腩,盈星,BEEF,,巴西,MINERVA,2022.01.25,,,,,,,12.4,kg,沙2,
101, 牛腩P4060,牛腩,盈星,BEEF,,巴西,PLENA,2022.01.25,,,,,,,12.6,kg,沙2,
102, 牛腩P4413,牛腩,盈星,BEEF,,巴西,QUALITY BEEF,2022.01.25,,,,,,,13.7,kg,沙2,
103,,牛肋條,盈星,BEEF,,巴西,,2022.01.25,,,,,,,20.7,kg,沙2,
104, 牛肋條,牛肋條,盈星,BEEF,,巴西,ANGLO,2022.01.25,,,,,,,20.3,kg,沙2,
105, 牛肋條P431,牛肋條,盈星,BEEF,,巴西,MINERVA,2022.01.25,,,,,,,20.6,kg,沙2,
106, 牛肋條(不分廠),牛肋條,盈星,BEEF,,巴西,MINERVA,2022.01.25,,,,,,,20.3,kg,沙2,
107, 金錢展,金錢𦟌,盈星,BEEF,,巴西,ANGLO,2022.01.25,,,,,,,34.5,kg,沙2,
107, 金錢展,金錢𦟌,盈星,BEEF,,巴西,ANGLO,2022.01.25,,,,,,,34.5,kg,其士,
108,,金錢𦟌,盈星,BEEF,,巴西,,2022.01.25,,,,,,,48.5,kg,沙2,
109, 金錢展P431,金錢𦟌,盈星,BEEF,,巴西,MINERVA,2022.01.25,,,,,,,36.0,kg,沙2,
110, 金錢展(不分廠),金錢𦟌,盈星,BEEF,,巴西,MINERVA,2022.01.25,,,,,,,35.0,kg,沙2,
111, 牛柳頭1k+ P431,牛柳頭,盈星,BEEF,,巴西,MINERVA,2022.01.25,1K+,,,,,,36.0,kg,沙2,
112, 牛柳頭1k+,牛柳頭,盈星,BEEF,,巴西,MINERVA,2022.01.25,1K+,,,,,,35.5,kg,沙2,
113,,牛柳頭,盈星,BEEF,,巴西,,2022.01.25,1K+,,,,,,33.5,kg,沙2,
114,,牛仔扒,盈星,BEEF,,巴西,,2022.01.25,,,,,,,22.5,kg,沙2,
115, 牛仔扒P451/791,牛仔扒,盈星,BEEF,,巴西,MINERVA,2022.01.25,,,,,,,23.3,kg,沙2,
116, 牛仔扒P421/2471,牛仔扒,盈星,BEEF,,巴西,MINERVA,2022.01.25,1/2,,,,,,23.0,kg,沙2,
117,,牛仔扒,盈星,BEEF,,巴西,,2022.01.25,,,,,,,18.5,kg,沙2,
118,MASTERBOI 牛頭肉P2437/860,,盈星,,,巴西,BOI BRASIL,2022.01.25,,,,,,,9.0,kg,沙2,
119,,,盈星,,,巴西,,2022.01.25,,,,,,,23.0,kg,沙2,
120, 原色金錢肚,,盈星,,,巴西,MINERVA,2022.01.25,,,,,,,22.8,kg,沙2,
121,,,盈星,,,巴西,,2022.01.25,,,,,,,22.7,kg,沙2,
122,,牛骨髓,盈星,BEEF,,巴西,,2022.01.25,,,,,,,37.0,kg,沙2,
123, 牛冧4K+,牛冧,盈星,BEEF,,巴西,ANGLO,2022.01.25,4K+,,,,,,18.5,kg,沙2,
124,,牛冧,盈星,BEEF,,巴西,,2022.01.25,4K+,,,,,,19.5,kg,沙2,
125, 安格斯牛小排CAB P245L,去骨牛小排,盈星,BEEF,,美國,IBP,2022.01.25,245L廠,CAB,,,,,118.0,kg,其士,
126, 牛尾P1940,牛尾,盈星,BEEF,,巴西,MINERVA,2022.01.25,,,,,,,13.0,kg,沙2,
127, 牛尾P431,牛尾,盈星,BEEF,,巴西,MINERVA,2022.01.25,,,,,,,12.8,kg,沙2,
128,,牛孖筋,盈星,BEEF,,巴西,,2022.01.25,,,,,,,15.5,kg,沙2,
129,,牛孖筋,盈星,BEEF,,巴西,,2022.01.25,,,,,,,18.0,kg,沙2,
130,MASTERBOI 牛孖筋P2437,牛孖筋,盈星,BEEF,,巴西,BOI BRASIL,2022.01.25,,,,,,,16.7,kg,沙2,
131,,牛孖筋,盈星,BEEF,,阿根廷,,2022.01.25,,,,,,,12.3,kg,沙2,
132,,牛孖筋,盈星,BEEF,,巴西,,2022.01.25,,,,,,,12.3,kg,沙2,
133, 牛孖筋,牛孖筋,盈星,BEEF,,巴西,MINERVA,2022.01.25,,,,,,,17.5,kg,沙2,
133, 牛孖筋,牛孖筋,盈星,BEEF,,巴西,MINERVA,2022.01.25,,,,,,,17.5,kg,其士,
134, 粗牛孖筋P1365,牛孖筋,盈星,BEEF,,巴西,NATURAFRIG,2022.01.25,,,,,,,17.3,kg,沙2,
135, 牛孖筋P4407,牛孖筋,盈星,BEEF,,巴西,OFFAL,2022.01.25,,,,,,,12.8,kg,沙2,
136, 牛孖筋,牛孖筋,盈星,BEEF,,巴西,PLENA,2022.01.25,,,,,,,16.7,kg,沙2,
136, 牛孖筋,牛孖筋,盈星,BEEF,,巴西,PLENA,2022.01.25,,,,,,,16.7,kg,其士,
137,,牛孖筋,盈星,BEEF,,巴西,,2022.01.25,,,,,,,17.0,kg,沙2,
138,,牛柳,盈星,BEEF,,巴西,,2022.01.25,3/4,,,,,,58.0,kg,沙2,
139,,牛柳,盈星,BEEF,,巴西,,2022.01.25,4/5,,,,,,58.0,kg,沙2,
140,,牛柳,盈星,BEEF,,巴西,,2022.01.25,5/6,,,,,,57.0,kg,沙2,
141, 牛脷900G+,牛舌,盈星,BEEF,,巴西,FRIALTO,2022.01.25,+900G,,,,,,18.4,kg,沙2,
142,,牛舌,盈星,BEEF,,巴西,,2022.01.25,+900G,,,,,,14.6,kg,沙2,
143,,,盈星,,,巴西,,2022.01.25,,,,,,,20.8,kg,沙2,
144,FRIATO 雞腳50G+,雞腳,盈星,CHICKEN,,巴西,FRIALTO,2022.01.25,50G+,,,,,,6.4,kg,沙2,
145, 雞全翼100G+,雞全翼,盈星,CHICKEN,,巴西,AURORA,2022.01.25,100G+,,,,,,7.3,kg,沙2,
146, 帶皮無骨雞腿肉,,盈星,,,巴西,SUPER FRANGO,2022.01.25,帶皮,,,,,,8.5,kg,其士,
147,,,盈星,,,美國,,2022.01.25,220/240,,,,,,7.8,lb,沙2,
148,,,盈星,,,美國,,2022.01.25,240/260,,,,,,7.8,lb,沙2,
149,,,盈星,,,美國,,2022.01.25,260/280,,,,,,7.6,lb,沙2,
150,CASE FARMS 珍寶雞脾(餅裝),,盈星,,,美國,CASEFARM,2022.01.25,餅裝,,,,,,5.0,lb,沙2,
151, 帶骨豬腩P915,豬腩帶骨,盈星,PORK,,巴西,ALIBEM,2022.01.25,帶骨,,,,,,11.4,kg,沙2,
152, 帶骨豬腩,豬腩帶骨,盈星,PORK,,巴西,FRIMESA,2022.01.25,帶骨,,,,,,11.6,kg,沙2,
152, 帶骨豬腩,豬腩帶骨,盈星,PORK,,巴西,FRIMESA,2022.01.25,帶骨,,,,,,11.6,kg,其士,
153, 豬耳片,,盈星,,,巴西,ALEGRA,2022.01.25,,,,,,,12.5,kg,沙2,
154, 豬耳片,,盈星,,,巴西,PIF PAF,2022.01.25,,,,,,,13.2,kg,沙2,
155, 豬前手P915/2146,,盈星,,,巴西,ALIBEM,2022.01.25,,,,,,,4.5,kg,沙2,
156, 豬前手,,盈星,,,巴西,FRIMESA,2022.01.25,,,,,,,4.5,kg,沙2,
157, 豬前手,,盈星,,,巴西,PIF PAF,2022.01.25,,,,,,,3.5,kg,沙2,
157, 豬前手,,盈星,,,巴西,PIF PAF,2022.01.25,,,,,,,3.5,kg,其士,
158, 豬後腳,,盈星,,,巴西,PIF PAF,2022.01.25,,,,,,,3.0,kg,沙2,
158, 豬後腳,,盈星,,,巴西,PIF PAF,2022.01.25,,,,,,,3.0,kg,其士,
159, 豬梅肉,豬梅肉,盈星,PORK,,巴西,ALEGRA,2022.01.25,,,,,,,10.8,kg,沙2,
160, 豬梅肉P915,豬梅肉,盈星,PORK,,巴西,ALIBEM,2022.01.25,,,,,,,10.2,kg,沙2,
161,,豬梅肉,盈星,PORK,,波蘭,,2022.01.25,,,,,,,11.8,kg,沙2,
162, 豬梅肉,豬梅肉,盈星,PORK,,巴西,PIF PAF,2022.01.25,,,,,,,9.7,kg,沙2,
163, 豬二肉,豬二肉,盈星,PORK,,巴西,ALIBEM,2022.01.25,,,,,,,7.8,kg,沙2,
164, 豬三肉P915,豬肉眼,盈星,PORK,,巴西,ALIBEM,2022.01.25,,,,,,,10.4,kg,沙2,
165, 豬三肉P727,豬肉眼,盈星,PORK,,巴西,FRIMESA,2022.01.25,,,,,,,10.7,kg,沙2,
166, 豬三肉,豬肉眼,盈星,PORK,,巴西,PIF PAF,2022.01.25,,,,,,,11.0,kg,沙2,
167, 四肉,豬四肉,盈星,PORK,,巴西,PIF PAF,2022.01.25,,,,,,,8.0,kg,沙2,
168, 四肉,豬四肉,盈星,PORK,,巴西,ALIBEM,2022.01.25,,,,,,,8.2,kg,沙2,
169, 削骨豬扒P151,豬扒,盈星,PORK,,巴西,ALEGRA,2022.01.25,削骨,,,,,,7.9,kg,沙2,
170, 帶骨豬扒P151,豬扒,盈星,PORK,,巴西,ALEGRA,2022.01.25,帶骨,,,,,,7.8,kg,沙2,
171,,豬肚,盈星,PORK,,,,2022.01.25,,,,,,,6.5,kg,沙2,
172,,豬肚,盈星,PORK,,,,2022.01.25,,,,,,,6.7,kg,沙2,
172,,豬肚,盈星,PORK,,,,2022.01.25,,,,,,,6.7,kg,其士,
173, 熟豬肚,豬肚,盈星,PORK,,巴西,PIF PAF,2022.01.25,,,,,,,6.8,kg,沙2,
174, 豬仔骨,,盈星,,,巴西,AURORA,2022.01.25,,,,,,,15.0,kg,其士,
175, 豬仔骨,,盈星,,,巴西,PALMALI,2022.01.25,,,,,,,12.0,kg,沙2,
176, 豬仔骨60,,盈星,,,巴西,SEARA,2022.01.25,,,,,,,11.7,kg,沙2,
177, 豬軟骨,豬軟骨,盈星,PORK,,荷蘭,P109,2022.01.25,,,,,,,14.8,kg,沙2,
178, 豬軟骨,豬軟骨,盈星,PORK,,荷蘭,P584,2022.01.25,,,,,,,14.6,kg,沙2,
179, 豬肋排,豬肋排,盈星,PORK,,荷蘭,P584,2022.01.25,,,,,,,8.6,kg,沙2,
180, 豬肋排(分包),豬肋排,盈星,PORK,,巴西,ALIBEM,2022.01.25,分包,,,,,,10.8,kg,沙2,
181, 豬柳P915,,盈星,,,巴西,ALIBEM,2022.01.25,,,,,,,9.8,kg,沙2,
182, 豬柳P151,,盈星,,,巴西,ALEGRA,2022.01.25,,,,,,,10.5,kg,沙2,
183, 豬脷,豬舌,盈星,PORK,,巴西,PIF PAF,2022.01.25,,,,,,,4.5,kg,沙2,
184, 豬脷,豬舌,盈星,PORK,,巴西,PIF PAF,2022.01.25,,,,,,,6.8,kg,沙2,
185,,,盈星,,,荷蘭,,2022.01.25,,,,,,,8.0,kg,沙2,
186, 豬大腸P915/2146,豬大腸,盈星,PORK,,巴西,ALIBEM,2022.01.25,,,,,,,12.0,kg,沙2,
187, 熟豬大腸,豬大腸,盈星,PORK,,巴西,ALEGRA,2022.01.25,,,,,,,11.0,kg,沙2,
188, 熟豬大腸,豬大腸,盈星,PORK,,巴西,PIF PAF,2022.01.25,,,,,,,12.0,kg,沙2,
189, 豬大腸,豬大腸,盈星,PORK,,巴西,PALMALI,2022.01.25,,,,,,,11.7,kg,沙2,
190,,,盈星,,,巴西,,2023-08-01現貨報價單.pdf,,,,,,,26.5,kg,沙2,
191,,金錢𦟌,盈星,BEEF,,巴西,,2023-08-01現貨報價單.pdf,,,,,,,29.0,kg,沙2,
192,,金錢𦟌,盈星,BEEF,,巴西,,2023-08-01現貨報價單.pdf,,,,,,,30.0,kg,沙2,
193, 牛腩,牛腩,盈星,BEEF,,巴西,FRIGON,2023-08-01現貨報價單.pdf,,,,,,,15.4,kg,沙2,
194,,牛柳頭,盈星,BEEF,,巴西,,2023-08-01現貨報價單.pdf,1.5K+,,,,,,21.8,kg,沙2,
195, 牛柳頭1K+ P421,牛柳頭,盈星,BEEF,,巴西,MINERVA,2023-08-01現貨報價單.pdf,1K+,,,,,,21.5,kg,沙2,
196, 牛柳頭1K+ P792,牛柳頭,盈星,BEEF,,巴西,MINERVA,2023-08-01現貨報價單.pdf,1K+,,,,,,21.5,kg,沙2,
197, 牛仔扒 P4507,牛仔扒,盈星,BEEF,,巴西,ANGLO,2023-08-01現貨報價單.pdf,,,,,,,16.0,kg,沙2,
198,,牛仔扒,盈星,BEEF,,巴西,,2023-08-01現貨報價單.pdf,,,,,,,23.0,kg,沙2,
199, 牛仔扒P1940,牛仔扒,盈星,BEEF,,巴西,MINERVA,2023-08-01現貨報價單.pdf,,,,,,,14.8,kg,沙2,
199, 牛仔扒P1940,牛仔扒,盈星,BEEF,,巴西,MINERVA,2023-08-01現貨報價單.pdf,,,,,,,14.8,kg,其士,
199, 牛仔扒P1940,牛仔扒,盈星,BEEF,,巴西,MINERVA,2023-08-01現貨報價單.pdf,,,,,,,14.8,kg,光1,
200, 牛仔扒P2500,牛仔扒,盈星,BEEF,,巴西,MINERVA,2023-08-01現貨報價單.pdf,,,,,,,14.8,kg,沙2,
200, 牛仔扒P2500,牛仔扒,盈星,BEEF,,巴西,MINERVA,2023-08-01現貨報價單.pdf,,,,,,,14.8,kg,光1,
201, 牛仔扒P2911,牛仔扒,盈星,BEEF,,巴西,MINERVA,2023-08-01現貨報價單.pdf,,,,,,,14.8,kg,其士,
202, 牛仔扒P2471,牛仔扒,盈星,BEEF,,巴西,MINERVA,2023-08-01現貨報價單.pdf,,,,,,,14.8,kg,沙2,
203, 牛仔扒 P421 / P431,牛仔扒,盈星,BEEF,,巴西,MINERVA,2023-08-01現貨報價單.pdf,,,,,,,14.8,kg,其士,
204, 牛仔扒 P431,牛仔扒,盈星,BEEF,,巴西,MINERVA,2023-08-01現貨報價單.pdf,,,,,,,14.8,kg,沙2,
205, 牛仔扒 P791,牛仔扒,盈星,BEEF,,巴西,MINERVA,2023-08-01現貨報價單.pdf,,,,,,,14.8,kg,沙2,
205, 牛仔扒 P791,牛仔扒,盈星,BEEF,,巴西,MINERVA,2023-08-01現貨報價單.pdf,,,,,,,14.8,kg,光1,
206, 牛仔扒(不分廠號),牛仔扒,盈星,BEEF,,巴西,MINERVA,2023-08-01現貨報價單.pdf,,,,,,,14.8,kg,沙2,
207,,,盈星,,,巴西,,2023-08-01現貨報價單.pdf,,,,,,,23.0,kg,沙2,
208,,,盈星,,,阿根廷,,2023-08-01現貨報價單.pdf,,,,,,,13.5,kg,沙2,
208,,,盈星,,,阿根廷,,2023-08-01現貨報價單.pdf,,,,,,,13.5,kg,其士,
209, 牛冧4K+,牛冧,盈星,BEEF,,巴西,FRIGON,2023-08-01現貨報價單.pdf,4K+,,,,,,20.7,kg,沙2,
210,,牛冧,盈星,BEEF,,巴西,,2023-08-01現貨報價單.pdf,4K+,,,,,,18.3,kg,沙2,
211, 牛冧4K+ P1940,牛冧,盈星,BEEF,,巴西,MINERVA,2023-08-01現貨報價單.pdf,4K+,,,,,,17.8,kg,沙2,
212, 牛骨髓 P4490,牛骨髓,盈星,BEEF,,巴西,FRIALTO,2023-08-01現貨報價單.pdf,,,,,,,36.0,kg,沙2,
213, 西冷4K+(3條)P431,西冷,盈星,BEEF,,巴西,MINERVA,2023-08-01現貨報價單.pdf,4K+,,,,,,22.0,kg,沙2,
214, 西冷4K+(3條)P791,西冷,盈星,BEEF,,巴西,MINERVA,2023-08-01現貨報價單.pdf,4K+,,,,,,21.5,kg,沙2,
215, 牛膀,牛膀,盈星,BEEF,,巴西,MINERVA,2023-08-01現貨報價單.pdf,,,,,,,8.0,kg,沙2,
216,,牛孖筋,盈星,BEEF,,巴西,,2023-08-01現貨報價單.pdf,,,,,,,9.0,kg,沙2,
217,,牛孖筋,盈星,BEEF,,巴西,,2023-08-01現貨報價單.pdf,,,,,,,14.0,kg,沙2,
218, 牛脷 P3348 / P4490,牛舌,盈星,BEEF,,巴西,FRIALTO,2023-08-01現貨報價單.pdf,,,,,,,12.5,kg,沙2,
219,,牛舌,盈星,BEEF,,巴西,,2023-08-01現貨報價單.pdf,,,,,,,11.8,kg,沙2,
220,,,盈星,,,巴西,,2023-08-01現貨報價單.pdf,,,,,,,20.7,kg,沙2,
221, A級雞腳 50G+ P957,雞腳,盈星,CHICKEN,,巴西,UNIAVES,2023-08-01現貨報價單.pdf,50G+,,,,,,4.8,kg,亞洲,
222, 雞中翼40G+,雞中翼,盈星,CHICKEN,,巴西,UNIAVES,2023-08-01現貨報價單.pdf,40G+,,,,,,12.5,kg,沙2,
223,,鳳爪,盈星,CHICKEN,,美國,,2023-08-01現貨報價單.pdf,,,,,,,8.0,kg,沙2,
224, 雞膝軟骨,,盈星,,,巴西,AURORA,2023-08-01現貨報價單.pdf,,,,,,,14.5,kg,沙2,
225, 雞脾,,盈星,,,巴西,AURORA,2023-08-01現貨報價單.pdf,,,,,,,5.2,kg,沙2,
226,,,盈星,,,美國,,2023-08-01現貨報價單.pdf,+200G,,,,,,7.6,lb,沙2,
227,,,盈星,,,美國,,2023-08-01現貨報價單.pdf,220/240,,,,,,7.4,lb,沙2,
228,,,盈星,,,美國,,2023-08-01現貨報價單.pdf,260/280,,,,,,7.0,lb,沙2,
229,,火雞子,盈星,CHICKEN,,俄羅斯,,2023-08-01現貨報價單.pdf,,,,,,,21.0,kg,亞洲,
230,,,盈星,,,美國,,2023-08-01現貨報價單.pdf,,,,,,,16.5,lb,沙2,
231, 腩排条828,,盈星,,,巴西,AURORA,2023-08-01現貨報價單.pdf,,,,,,,11.8,kg,沙2,
232, 帶骨豬腩 P915,豬腩帶骨,盈星,PORK,,巴西,ALIBEM,2023-08-01現貨報價單.pdf,帶骨,,,,,,14.0,kg,沙2,
233,,豬腩帶骨,盈星,PORK,,巴西,,2023-08-01現貨報價單.pdf,帶骨,,,,,,13.3,kg,亞洲,
234, A級挑骨豬腩,豬腩挑骨,盈星,PORK,,荷蘭,P109,2023-08-01現貨報價單.pdf,挑骨,,,,,,13.6,kg,沙2,
235, A級挑骨豬腩,豬腩挑骨,盈星,PORK,,荷蘭,P584,2023-08-01現貨報價單.pdf,挑骨,,,,,,13.9,kg,沙2,
236, 豬前手 P2146,,盈星,,,巴西,ALIBEM,2023-08-01現貨報價單.pdf,,,,,,,5.2,kg,沙2,
237, 豬前手 P915,,盈星,,,巴西,ALIBEM,2023-08-01現貨報價單.pdf,,,,,,,5.0,kg,沙2,
238, 豬前手 P727,,盈星,,,巴西,FRIMESA,2023-08-01現貨報價單.pdf,,,,,,,5.4,kg,亞洲,
239, 豬三肉,豬肉眼,盈星,PORK,,巴西,PIF PAF,2023-08-01現貨報價單.pdf,,,,,,,12.5,kg,沙2,
240, 四肉 P151,豬四肉,盈星,PORK,,巴西,ALEGRA,2023-08-01現貨報價單.pdf,,,,,,,8.7,kg,沙2,
241, 四肉 P2146,豬四肉,盈星,PORK,,巴西,ALIBEM,2023-08-01現貨報價單.pdf,,,,,,,9.0,kg,沙2,
242, 四肉 P3847,豬四肉,盈星,PORK,,巴西,AURORA,2023-08-01現貨報價單.pdf,,,,,,,8.5,kg,沙2,
243, 四肉 P727,豬四肉,盈星,PORK,,巴西,FRIMESA,2023-08-01現貨報價單.pdf,,,,,,,9.0,kg,沙2,
244, 削骨豬扒 P915,豬扒,盈星,PORK,,巴西,ALIBEM,2023-08-01現貨報價單.pdf,削骨,,,,,,9.0,kg,沙2,
245, 豬頸骨 P970,豬頸骨,盈星,PORK,,巴西,SULITA,2023-08-01現貨報價單.pdf,,,,,,,5.0,kg,亞洲,
246, (半熟)豬大腸,豬大腸,盈星,PORK,,巴西,ALIBEM,2023-08-01現貨報價單.pdf,,,,,,,8.8,kg,沙2,
247, 熟豬大腸,豬大腸,盈星,PORK,,巴西,AURORA,2023-08-01現貨報價單.pdf,,,,,,,11.0,kg,沙2,
248,,,盈星,,,巴西,,2023-7-15現貨報價單.pdf,,,,,,,26.5,kg,沙2,
249,,豬腿筒骨,盈星,PORK,,巴西,,2023-7-15現貨報價單.pdf,,,,,,,4.4,kg,沙2,
250,,金錢𦟌,盈星,BEEF,,巴西,,2023-7-15現貨報價單.pdf,,,,,,,29.0,kg,沙2,
251,,金錢𦟌,盈星,BEEF,,巴西,,2023-7-15現貨報價單.pdf,,,,,,,30.0,kg,沙2,
252,,牛柳頭,盈星,BEEF,,巴西,,2023-7-15現貨報價單.pdf,1.5K+,,,,,,22.3,kg,沙2,
253, 牛柳頭1K+ P421,牛柳頭,盈星,BEEF,,巴西,MINERVA,2023-7-15現貨報價單.pdf,1K+,,,,,,21.8,kg,沙2,
254, 牛柳頭1K+ P792,牛柳頭,盈星,BEEF,,巴西,MINERVA,2023-7-15現貨報價單.pdf,1K+,,,,,,21.8,kg,沙2,
255, 牛仔扒 P4507,牛仔扒,盈星,BEEF,,巴西,ANGLO,2023-7-15現貨報價單.pdf,,,,,,,17.5,kg,沙2,
256,,牛仔扒,盈星,BEEF,,巴西,,2023-7-15現貨報價單.pdf,,,,,,,23.0,kg,沙2,
257, 牛仔扒P1940,牛仔扒,盈星,BEEF,,巴西,MINERVA,2023-7-15現貨報價單.pdf,,,,,,,16.5,kg,沙2,
257, 牛仔扒P1940,牛仔扒,盈星,BEEF,,巴西,MINERVA,2023-7-15現貨報價單.pdf,,,,,,,16.5,kg,其士,
257, 牛仔扒P1940,牛仔扒,盈星,BEEF,,巴西,MINERVA,2023-7-15現貨報價單.pdf,,,,,,,16.5,kg,光1,
258, 牛仔扒P2500,牛仔扒,盈星,BEEF,,巴西,MINERVA,2023-7-15現貨報價單.pdf,,,,,,,17.0,kg,沙2,
258, 牛仔扒P2500,牛仔扒,盈星,BEEF,,巴西,MINERVA,2023-7-15現貨報價單.pdf,,,,,,,17.0,kg,光1,
259, 牛仔扒P2911,牛仔扒,盈星,BEEF,,巴西,MINERVA,2023-7-15現貨報價單.pdf,,,,,,,17.0,kg,其士,
260, 牛仔扒P2471,牛仔扒,盈星,BEEF,,巴西,MINERVA,2023-7-15現貨報價單.pdf,,,,,,,17.0,kg,沙2,
261, 牛仔扒 P421 / P431,牛仔扒,盈星,BEEF,,巴西,MINERVA,2023-7-15現貨報價單.pdf,,,,,,,17.0,kg,其士,
262, 牛仔扒 P431,牛仔扒,盈星,BEEF,,巴西,MINERVA,2023-7-15現貨報價單.pdf,,,,,,,17.0,kg,沙2,
263, 牛仔扒 P791,牛仔扒,盈星,BEEF,,巴西,MINERVA,2023-7-15現貨報價單.pdf,,,,,,,17.5,kg,沙2,
263, 牛仔扒 P791,牛仔扒,盈星,BEEF,,巴西,MINERVA,2023-7-15現貨報價單.pdf,,,,,,,17.5,kg,光1,
264, 牛仔扒(不分廠號),牛仔扒,盈星,BEEF,,巴西,MINERVA,2023-7-15現貨報價單.pdf,,,,,,,17.0,kg,沙2,
265,,,盈星,,,巴西,,2023-7-15現貨報價單.pdf,,,,,,,23.0,kg,沙2,
266,,,盈星,,,阿根廷,,2023-7-15現貨報價單.pdf,,,,,,,13.5,kg,沙2,
266,,,盈星,,,阿根廷,,2023-7-15現貨報價單.pdf,,,,,,,13.5,kg,其士,
267,,牛冧,盈星,BEEF,,巴西,,2023-7-15現貨報價單.pdf,4K+,,,,,,18.3,kg,沙2,
268, 牛冧4K+ P1940,牛冧,盈星,BEEF,,巴西,MINERVA,2023-7-15現貨報價單.pdf,4K+,,,,,,17.3,kg,沙2,
269,,豬頸骨,盈星,PORK,,巴西,,2023-7-15現貨報價單.pdf,,,,,,,5.5,kg,沙2,
270, 牛骨髓 P4490,牛骨髓,盈星,BEEF,,巴西,FRIALTO,2023-7-15現貨報價單.pdf,,,,,,,36.0,kg,沙2,
271,,西冷,盈星,BEEF,,巴西,,2023-7-15現貨報價單.pdf,4K+,,,,,,22.0,kg,沙2,
272,,西冷,盈星,BEEF,,巴西,,2023-7-15現貨報價單.pdf,4K+,,,,,,22.0,kg,沙2,
273, 西冷4K+(3條)P431,西冷,盈星,BEEF,,巴西,MINERVA,2023-7-15現貨報價單.pdf,4K+,,,,,,22.3,kg,沙2,
274, 西冷4K+(3條)P791,西冷,盈星,BEEF,,巴西,MINERVA,2023-7-15現貨報價單.pdf,4K+,,,,,,22.0,kg,沙2,
275, 牛膀,牛膀,盈星,BEEF,,巴西,MINERVA,2023-7-15現貨報價單.pdf,,,,,,,9.0,kg,沙2,
276,,牛孖筋,盈星,BEEF,,巴西,,2023-7-15現貨報價單.pdf,,,,,,,9.0,kg,沙2,
277,,牛孖筋,盈星,BEEF,,巴西,,2023-7-15現貨報價單.pdf,,,,,,,14.0,kg,沙2,
278, 牛孖筋 P791,牛孖筋,盈星,BEEF,,巴西,MINERVA,2023-7-15現貨報價單.pdf,,,,,,,8.8,kg,沙2,
279,,牛孖筋,盈星,BEEF,,巴西,,2023-7-15現貨報價單.pdf,,,,,,,7.3,kg,沙2,
280, 牛脷 P3348 / P4490,牛舌,盈星,BEEF,,巴西,FRIALTO,2023-7-15現貨報價單.pdf,,,,,,,12.5,kg,沙2,
281,,牛舌,盈星,BEEF,,巴西,,2023-7-15現貨報價單.pdf,,,,,,,11.8,kg,沙2,
282,,,盈星,,,巴西,,2023-7-15現貨報價單.pdf,,,,,,,20.7,kg,沙2,
283,,,盈星,,,美國,,2023-7-15現貨報價單.pdf,,,,,,,2.5,kg,沙2,
284, A級雞腳 50G+ P957,雞腳,盈星,CHICKEN,,巴西,UNIAVES,2023-7-15現貨報價單.pdf,50G+,,,,,,5.0,kg,亞洲,
285, 雞中翼40G+,雞中翼,盈星,CHICKEN,,巴西,UNIAVES,2023-7-15現貨報價單.pdf,40G+,,,,,,12.0,kg,沙2,
286,,鳳爪,盈星,CHICKEN,,美國,,2023-7-15現貨報價單.pdf,,,,,,,8.6,kg,沙2,
287, 雞膝軟骨,,盈星,,,巴西,AURORA,2023-7-15現貨報價單.pdf,,,,,,,14.5,kg,沙2,
288, 雞脾,,盈星,,,巴西,AURORA,2023-7-15現貨報價單.pdf,,,,,,,5.4,kg,沙2,
289,,,盈星,,,美國,,2023-7-15現貨報價單.pdf,+200G,,,,,,7.6,lb,沙2,
290,,,盈星,,,美國,,2023-7-15現貨報價單.pdf,220/240,,,,,,7.4,lb,沙2,
291,,,盈星,,,美國,,2023-7-15現貨報價單.pdf,260/280,,,,,,7.0,lb,沙2,
292,,火雞子,盈星,CHICKEN,,俄羅斯,,2023-7-15現貨報價單.pdf,,,,,,,21.0,kg,亞洲,
293,,,盈星,,,美國,,2023-7-15現貨報價單.pdf,,,,,,,16.5,lb,沙2,
294,,豬腩帶骨,盈星,PORK,,巴西,,2023-7-15現貨報價單.pdf,帶骨,,,,,,13.3,kg,亞洲,
295, A級挑骨豬腩,豬腩挑骨,盈星,PORK,,荷蘭,P109,2023-7-15現貨報價單.pdf,挑骨,,,,,,13.6,kg,沙2,
296, A級去皮挑骨豬腩,豬腩挑骨,盈星,PORK,,荷蘭,P584,2023-7-15現貨報價單.pdf,挑骨,,,,,,15.7,kg,沙2,
297, 豬耳片727,,盈星,,,巴西,FRIMESA,2023-7-15現貨報價單.pdf,,,,,,,10.2,kg,沙2,
298, 豬手P727,豬手,盈星,PORK,,巴西,FRIMESA,2023-7-15現貨報價單.pdf,,,,,,,5.4,kg,亞洲,
299, 豬三肉,豬肉眼,盈星,PORK,,巴西,PIF PAF,2023-7-15現貨報價單.pdf,,,,,,,12.8,kg,沙2,
300, 四肉 P151,豬四肉,盈星,PORK,,巴西,ALEGRA,2023-7-15現貨報價單.pdf,,,,,,,8.7,kg,沙2,
301, 四肉 P2146,豬四肉,盈星,PORK,,巴西,ALIBEM,2023-7-15現貨報價單.pdf,,,,,,,9.0,kg,沙2,
302, 四肉 P3847,豬四肉,盈星,PORK,,巴西,AURORA,2023-7-15現貨報價單.pdf,,,,,,,8.5,kg,沙2,
303, 四肉 P727,豬四肉,盈星,PORK,,巴西,FRIMESA,2023-7-15現貨報價單.pdf,,,,,,,8.7,kg,沙2,
304, 削骨豬扒 P915,豬扒,盈星,PORK,,巴西,ALIBEM,2023-7-15現貨報價單.pdf,削骨,,,,,,8.9,kg,沙2,
305, 削骨豬扒 P828,豬扒,盈星,PORK,,巴西,AURORA,2023-7-15現貨報價單.pdf,削骨,,,,,,8.4,kg,沙2,
305, 削骨豬扒 P828,豬扒,盈星,PORK,,巴西,AURORA,2023-7-15現貨報價單.pdf,削骨,,,,,,8.4,kg,其士,
306,,豬肚,盈星,PORK,,,,2023-7-15現貨報價單.pdf,,,,,,,9.5,kg,沙2,
307, 豬頸骨 P970,豬頸骨,盈星,PORK,,巴西,SULITA,2023-7-15現貨報價單.pdf,,,,,,,5.0,kg,亞洲,
308, 豬軟骨,豬軟骨,盈星,PORK,,荷蘭,P109,2023-7-15現貨報價單.pdf,,,,,,,12.0,kg,沙2,
309, 豬軟骨,豬軟骨,盈星,PORK,,荷蘭,P584,2023-7-15現貨報價單.pdf,,,,,,,12.0,kg,沙2,
310, 豬肋排P727,豬肋排,盈星,PORK,,巴西,FRIMESA,2023-7-15現貨報價單.pdf,,,,,,,15.3,kg,沙2,
310, 豬肋排P727,豬肋排,盈星,PORK,,巴西,FRIMESA,2023-7-15現貨報價單.pdf,,,,,,,15.3,kg,其士,
311, 熟豬大腸,豬大腸,盈星,PORK,,巴西,AURORA,2023-7-15現貨報價單.pdf,,,,,,,11.0,kg,沙2,
312,,,盈星,,,巴西,,20230726現貨報價單.pdf,,,,,,,26.5,kg,沙2,
313,,豬腿筒骨,盈星,PORK,,巴西,,20230726現貨報價單.pdf,,,,,,,4.4,kg,沙2,
314,,金錢𦟌,盈星,BEEF,,巴西,,20230726現貨報價單.pdf,,,,,,,29.0,kg,沙2,
315,,金錢𦟌,盈星,BEEF,,巴西,,20230726現貨報價單.pdf,,,,,,,30.0,kg,沙2,
316,,牛柳頭,盈星,BEEF,,巴西,,20230726現貨報價單.pdf,1.5K+,,,,,,21.8,kg,沙2,
317, 牛柳頭1K+ P421,牛柳頭,盈星,BEEF,,巴西,MINERVA,20230726現貨報價單.pdf,1K+,,,,,,21.5,kg,沙2,
318, 牛柳頭1K+ P792,牛柳頭,盈星,BEEF,,巴西,MINERVA,20230726現貨報價單.pdf,1K+,,,,,,21.5,kg,沙2,
319, 牛仔扒 P4507,牛仔扒,盈星,BEEF,,巴西,ANGLO,20230726現貨報價單.pdf,,,,,,,17.5,kg,沙2,
320,,牛仔扒,盈星,BEEF,,巴西,,20230726現貨報價單.pdf,,,,,,,23.0,kg,沙2,
321, 牛仔扒P1940,牛仔扒,盈星,BEEF,,巴西,MINERVA,20230726現貨報價單.pdf,,,,,,,16.5,kg,沙2,
321, 牛仔扒P1940,牛仔扒,盈星,BEEF,,巴西,MINERVA,20230726現貨報價單.pdf,,,,,,,16.5,kg,其士,
321, 牛仔扒P1940,牛仔扒,盈星,BEEF,,巴西,MINERVA,20230726現貨報價單.pdf,,,,,,,16.5,kg,光1,
322, 牛仔扒P2500,牛仔扒,盈星,BEEF,,巴西,MINERVA,20230726現貨報價單.pdf,,,,,,,17.0,kg,沙2,
322, 牛仔扒P2500,牛仔扒,盈星,BEEF,,巴西,MINERVA,20230726現貨報價單.pdf,,,,,,,17.0,kg,光1,
323, 牛仔扒P2911,牛仔扒,盈星,BEEF,,巴西,MINERVA,20230726現貨報價單.pdf,,,,,,,17.0,kg,其士,
324, 牛仔扒P2471,牛仔扒,盈星,BEEF,,巴西,MINERVA,20230726現貨報價單.pdf,,,,,,,17.0,kg,沙2,
325, 牛仔扒 P421 / P431,牛仔扒,盈星,BEEF,,巴西,MINERVA,20230726現貨報價單.pdf,,,,,,,17.0,kg,其士,
326, 牛仔扒 P431,牛仔扒,盈星,BEEF,,巴西,MINERVA,20230726現貨報價單.pdf,,,,,,,17.0,kg,沙2,
327, 牛仔扒 P791,牛仔扒,盈星,BEEF,,巴西,MINERVA,20230726現貨報價單.pdf,,,,,,,17.5,kg,沙2,
327, 牛仔扒 P791,牛仔扒,盈星,BEEF,,巴西,MINERVA,20230726現貨報價單.pdf,,,,,,,17.5,kg,光1,
328, 牛仔扒(不分廠號),牛仔扒,盈星,BEEF,,巴西,MINERVA,20230726現貨報價單.pdf,,,,,,,17.0,kg,沙2,
329,,,盈星,,,巴西,,20230726現貨報價單.pdf,,,,,,,23.0,kg,沙2,
330,,,盈星,,,阿根廷,,20230726現貨報價單.pdf,,,,,,,13.5,kg,沙2,
330,,,盈星,,,阿根廷,,20230726現貨報價單.pdf,,,,,,,13.5,kg,其士,
331,,牛冧,盈星,BEEF,,巴西,,20230726現貨報價單.pdf,4K+,,,,,,18.3,kg,沙2,
332, 牛冧4K+ P1940,牛冧,盈星,BEEF,,巴西,MINERVA,20230726現貨報價單.pdf,4K+,,,,,,17.5,kg,沙2,
333,,豬頸骨,盈星,PORK,,巴西,,20230726現貨報價單.pdf,,,,,,,5.5,kg,沙2,
334, 牛骨髓 P4490,牛骨髓,盈星,BEEF,,巴西,FRIALTO,20230726現貨報價單.pdf,,,,,,,36.0,kg,沙2,
335,,西冷,盈星,BEEF,,巴西,,20230726現貨報價單.pdf,4K+,,,,,,21.8,kg,沙2,
336, 西冷4K+(3條)P431,西冷,盈星,BEEF,,巴西,MINERVA,20230726現貨報價單.pdf,4K+,,,,,,22.0,kg,沙2,
337, 西冷4K+(3條)P791,西冷,盈星,BEEF,,巴西,MINERVA,20230726現貨報價單.pdf,4K+,,,,,,21.5,kg,沙2,
338, 牛膀,牛膀,盈星,BEEF,,巴西,MINERVA,20230726現貨報價單.pdf,,,,,,,9.0,kg,沙2,
339,,牛孖筋,盈星,BEEF,,巴西,,20230726現貨報價單.pdf,,,,,,,9.0,kg,沙2,
340,,牛孖筋,盈星,BEEF,,巴西,,20230726現貨報價單.pdf,,,,,,,14.0,kg,沙2,
341, 牛脷 P3348 / P4490,牛舌,盈星,BEEF,,巴西,FRIALTO,20230726現貨報價單.pdf,,,,,,,12.5,kg,沙2,
342,,牛舌,盈星,BEEF,,巴西,,20230726現貨報價單.pdf,,,,,,,11.8,kg,沙2,
343,,,盈星,,,巴西,,20230726現貨報價單.pdf,,,,,,,20.7,kg,沙2,
344,,,盈星,,,美國,,20230726現貨報價單.pdf,,,,,,,2.5,kg,沙2,
345, A級雞腳 50G+ P957,雞腳,盈星,CHICKEN,,巴西,UNIAVES,20230726現貨報價單.pdf,50G+,,,,,,4.8,kg,亞洲,
346, 雞中翼40G+,雞中翼,盈星,CHICKEN,,巴西,UNIAVES,20230726現貨報價單.pdf,40G+,,,,,,12.3,kg,沙2,
347,,鳳爪,盈星,CHICKEN,,美國,,20230726現貨報價單.pdf,,,,,,,8.2,kg,沙2,
348, 雞膝軟骨,,盈星,,,巴西,AURORA,20230726現貨報價單.pdf,,,,,,,14.5,kg,沙2,
349,,,盈星,,,巴西,AURORA,20230726現貨報價單.pdf,,,,,,,15.0,,nan,
350,,,盈星,,,美國,,20230726現貨報價單.pdf,+200G,,,,,,7.6,lb,沙2,
351,,,盈星,,,美國,,20230726現貨報價單.pdf,220/240,,,,,,7.4,lb,沙2,
352,,,盈星,,,美國,,20230726現貨報價單.pdf,260/280,,,,,,7.0,lb,沙2,
353,,火雞子,盈星,CHICKEN,,俄羅斯,,20230726現貨報價單.pdf,,,,,,,21.0,kg,亞洲,
354,,,盈星,,,美國,,20230726現貨報價單.pdf,,,,,,,16.5,lb,沙2,
355,,豬腩帶骨,盈星,PORK,,巴西,,20230726現貨報價單.pdf,帶骨,,,,,,13.3,kg,亞洲,
356, 帶骨豬腩,豬腩帶骨,盈星,PORK,,巴西,ALIBEM,20230726現貨報價單.pdf,帶骨,,,,,,14.0,kg,沙2,
357, A級挑骨豬腩,豬腩挑骨,盈星,PORK,,荷蘭,P109,20230726現貨報價單.pdf,挑骨,,,,,,13.6,kg,沙2,
358, A級挑骨豬腩,豬腩挑骨,盈星,PORK,,荷蘭,P584,20230726現貨報價單.pdf,挑骨,,,,,,13.7,kg,沙2,
359, 豬手P727,豬手,盈星,PORK,,巴西,FRIMESA,20230726現貨報價單.pdf,,,,,,,5.2,kg,亞洲,
360, 豬手P2146,豬手,盈星,PORK,,巴西,ALIBEM,20230726現貨報價單.pdf,,,,,,,5.2,kg,沙2,
361, 豬手P915,豬手,盈星,PORK,,巴西,ALIBEM,20230726現貨報價單.pdf,,,,,,,5.0,kg,沙2,
362, 豬三肉,豬肉眼,盈星,PORK,,巴西,PIF PAF,20230726現貨報價單.pdf,,,,,,,12.5,kg,沙2,
363, 四肉 P151,豬四肉,盈星,PORK,,巴西,ALEGRA,20230726現貨報價單.pdf,,,,,,,8.7,kg,沙2,
364, 四肉 P2146,豬四肉,盈星,PORK,,巴西,ALIBEM,20230726現貨報價單.pdf,,,,,,,9.0,kg,沙2,
365, 四肉 P3847,豬四肉,盈星,PORK,,巴西,AURORA,20230726現貨報價單.pdf,,,,,,,8.5,kg,沙2,
366, 四肉 P727,豬四肉,盈星,PORK,,巴西,FRIMESA,20230726現貨報價單.pdf,,,,,,,8.7,kg,沙2,
367, 削骨豬扒 P915,豬扒,盈星,PORK,,巴西,ALIBEM,20230726現貨報價單.pdf,削骨,,,,,,8.9,kg,沙2,
368, 豬頸骨 P970,豬頸骨,盈星,PORK,,巴西,SULITA,20230726現貨報價單.pdf,,,,,,,5.0,kg,亞洲,
369, 半熟豬大腸,豬大腸,盈星,PORK,,巴西,ALIBEM,20230726現貨報價單.pdf,,,,,,,8.8,kg,沙2,
370, 熟豬大腸,豬大腸,盈星,PORK,,巴西,AURORA,20230726現貨報價單.pdf,,,,,,,11.0,kg,沙2,
371,,,盈星,,,巴西,,20230911現貨報價單.pdf,,,,,,,26.5,kg,沙2,
372, 牛肋條P1940,牛肋條,盈星,BEEF,,巴西,MINERVA,20230911現貨報價單.pdf,,,,,,,30.5,kg,其士,
373, 牛肋條P2471/2500,牛肋條,盈星,BEEF,,巴西,MINERVA,20230911現貨報價單.pdf,1/2,,,,,,30.0,kg,其士,
374, 牛肋條P2911,牛肋條,盈星,BEEF,,巴西,MINERVA,20230911現貨報價單.pdf,,,,,,,30.5,kg,其士,
375,,金錢𦟌,盈星,BEEF,,巴西,,20230911現貨報價單.pdf,,,,,,,29.0,kg,沙2,
376, 金錢展(不分廠號),金錢𦟌,盈星,BEEF,,巴西,MINERVA,20230911現貨報價單.pdf,,,,,,,34.0,kg,沙2,
377, 牛柳頭1K+ P421,牛柳頭,盈星,BEEF,,巴西,MINERVA,20230911現貨報價單.pdf,1K+,,,,,,21.5,kg,沙2,
378, 牛柳頭1K+ P791,牛柳頭,盈星,BEEF,,巴西,MINERVA,20230911現貨報價單.pdf,1K+,,,,,,21.5,kg,沙2,
379, 牛仔扒 P4507,牛仔扒,盈星,BEEF,,巴西,ANGLO,20230911現貨報價單.pdf,,,,,,,16.0,kg,沙2,
380,,牛仔扒,盈星,BEEF,,巴西,,20230911現貨報價單.pdf,,,,,,,23.0,kg,沙2,
381, 牛仔扒P1940,牛仔扒,盈星,BEEF,,巴西,MINERVA,20230911現貨報價單.pdf,,,,,,,14.8,kg,沙2,
381, 牛仔扒P1940,牛仔扒,盈星,BEEF,,巴西,MINERVA,20230911現貨報價單.pdf,,,,,,,14.8,kg,其士,
381, 牛仔扒P1940,牛仔扒,盈星,BEEF,,巴西,MINERVA,20230911現貨報價單.pdf,,,,,,,14.8,kg,光1,
382, 牛仔扒P2500,牛仔扒,盈星,BEEF,,巴西,MINERVA,20230911現貨報價單.pdf,,,,,,,14.8,kg,沙2,
383, 牛仔扒P2911,牛仔扒,盈星,BEEF,,巴西,MINERVA,20230911現貨報價單.pdf,,,,,,,14.8,kg,其士,
384, 牛仔扒P2471,牛仔扒,盈星,BEEF,,巴西,MINERVA,20230911現貨報價單.pdf,,,,,,,14.8,kg,沙2,
385, 牛仔扒 P421 / P431,牛仔扒,盈星,BEEF,,巴西,MINERVA,20230911現貨報價單.pdf,,,,,,,14.8,kg,其士,
386, 牛仔扒 P431,牛仔扒,盈星,BEEF,,巴西,MINERVA,20230911現貨報價單.pdf,,,,,,,14.8,kg,沙2,
387, 牛仔扒 P791,牛仔扒,盈星,BEEF,,巴西,MINERVA,20230911現貨報價單.pdf,,,,,,,14.8,kg,沙2,
387, 牛仔扒 P791,牛仔扒,盈星,BEEF,,巴西,MINERVA,20230911現貨報價單.pdf,,,,,,,14.8,kg,光1,
388, 牛仔扒(不分廠號),牛仔扒,盈星,BEEF,,巴西,MINERVA,20230911現貨報價單.pdf,,,,,,,14.8,kg,沙2,
389,,,盈星,,,巴西,,20230911現貨報價單.pdf,,,,,,,23.0,kg,沙2,
390,,,盈星,,,阿根廷,,20230911現貨報價單.pdf,,,,,,,13.5,kg,沙2,
390,,,盈星,,,阿根廷,,20230911現貨報價單.pdf,,,,,,,13.5,kg,其士,
391, 牛冧4K+,牛冧,盈星,BEEF,,巴西,FRIGON,20230911現貨報價單.pdf,4K+,,,,,,20.5,kg,沙2,
392,,牛冧,盈星,BEEF,,巴西,,20230911現貨報價單.pdf,4K+,,,,,,18.3,kg,沙2,
393,,西冷,盈星,BEEF,,巴西,,20230911現貨報價單.pdf,4K+,,,,,,22.0,kg,沙2,
394,,西冷,盈星,BEEF,,巴西,,20230911現貨報價單.pdf,4K+,,,,,,22.0,kg,沙2,
395,,牛膀,盈星,BEEF,,巴西,,20230911現貨報價單.pdf,,,,,,,7.0,kg,沙2,
396, 牛膀,牛膀,盈星,BEEF,,巴西,MINERVA,20230911現貨報價單.pdf,,,,,,,6.8,kg,沙2,
397, 牛尾,牛尾,盈星,BEEF,,巴西,MINERVA,20230911現貨報價單.pdf,,,,,,,17.5,kg,其士,
398,,牛孖筋,盈星,BEEF,,巴西,,20230911現貨報價單.pdf,,,,,,,9.0,kg,沙2,
399,,牛柳,盈星,BEEF,,巴西,,20230911現貨報價單.pdf,3/4,,,,,,38.0,kg,沙2,
400,,牛柳,盈星,BEEF,,巴西,,20230911現貨報價單.pdf,4/5,,,,,,39.5,kg,沙2,
401, 牛脷,牛舌,盈星,BEEF,,巴西,FRIALTO,20230911現貨報價單.pdf,,,,,,,12.3,kg,沙2,
402,,牛舌,盈星,BEEF,,巴西,,20230911現貨報價單.pdf,,,,,,,11.8,kg,沙2,
403,,,盈星,,,巴西,,20230911現貨報價單.pdf,,,,,,,20.7,kg,沙2,
404, A級雞腳 50G+,雞腳,盈星,CHICKEN,,巴西,UNIAVES,20230911現貨報價單.pdf,50G+,,,,,,4.8,kg,亞洲,
405,,鳳爪,盈星,CHICKEN,,巴西,,20230911現貨報價單.pdf,,,,,,,13.7,kg,沙2,
406,,鳳爪,盈星,CHICKEN,,美國,,20230911現貨報價單.pdf,,,,,,,7.5,kg,沙2,
407,,,盈星,,,美國,,20230911現貨報價單.pdf,+200G,,,,,,7.6,lb,沙2,
408,,,盈星,,,美國,,20230911現貨報價單.pdf,220/240,,,,,,7.4,lb,沙2,
409,,,盈星,,,美國,,20230911現貨報價單.pdf,240/260,,,,,,7.4,lb,沙2,
410,,,盈星,,,美國,,20230911現貨報價單.pdf,260/280,,,,,,7.0,lb,沙2,
411,,火雞子,盈星,CHICKEN,,俄羅斯,,20230911現貨報價單.pdf,,,,,,,21.0,kg,亞洲,
412,,,盈星,,,美國,,20230911現貨報價單.pdf,,,,,,,15.7,lb,沙2,
413, 豬耳片,,盈星,,,巴西,ALEGRA,20230911現貨報價單.pdf,,,,,,,10.0,kg,沙2,
414, 豬前手,,盈星,,,巴西,FRIMESA,20230911現貨報價單.pdf,,,,,,,5.2,kg,沙2,
414, 豬前手,,盈星,,,巴西,FRIMESA,20230911現貨報價單.pdf,,,,,,,5.2,kg,亞洲,
415, 豬梅肉,豬梅肉,盈星,PORK,,巴西,ALIBEM,20230911現貨報價單.pdf,,,,,,,12.5,kg,沙2,
416, 豬梅肉,豬梅肉,盈星,PORK,,巴西,FRIMESA,20230911現貨報價單.pdf,,,,,,,12.5,kg,沙2,
417, 二肉,豬二肉,盈星,PORK,,巴西,ALEGRA,20230911現貨報價單.pdf,,,,,,,8.8,kg,沙2,
418, 四肉,豬四肉,盈星,PORK,,巴西,ALEGRA,20230911現貨報價單.pdf,,,,,,,9.0,kg,沙2,
419, 四肉,豬四肉,盈星,PORK,,巴西,ALIBEM,20230911現貨報價單.pdf,,,,,,,9.3,kg,沙2,
420, 四肉,豬四肉,盈星,PORK,,巴西,FRIMESA,20230911現貨報價單.pdf,,,,,,,9.6,kg,沙2,
421, 削骨豬扒 P915,豬扒,盈星,PORK,,巴西,ALIBEM,20230911現貨報價單.pdf,削骨,,,,,,10.5,kg,沙2,
422, 帶骨豬扒,豬扒,盈星,PORK,,巴西,DALIA,20230911現貨報價單.pdf,帶骨,,,,,,9.2,kg,其士,
423, 豬頸骨 16K 5.8,豬頸骨,盈星,PORK,16kg,巴西,SULITA,20230911現貨報價單.pdf,,,,,,,,,沙2,
424,,,盈星,,,巴西,,20231011現貨報價單_231011_100516.pdf,,,,,,,26.5,kg,沙2,
425, 牛腩80VL,牛腩,盈星,BEEF,,巴西,MINERVA,20231011現貨報價單_231011_100516.pdf,80VL,,,,,,16.0,kg,沙2,
426,,牛肋條,盈星,BEEF,,巴西,,20231011現貨報價單_231011_100516.pdf,,,,,,,31.0,kg,沙2,
427, 牛肋條P1940,牛肋條,盈星,BEEF,,巴西,MINERVA,20231011現貨報價單_231011_100516.pdf,,,,,,,30.5,kg,其士,
428, 牛肋條P2911,牛肋條,盈星,BEEF,,巴西,MINERVA,20231011現貨報價單_231011_100516.pdf,,,,,,,30.5,kg,其士,
429, 牛肋條,牛肋條,盈星,BEEF,,巴西,MINERVA,20231011現貨報價單_231011_100516.pdf,,,,,,,30.5,kg,其士,
430,,金錢𦟌,盈星,BEEF,,巴西,,20231011現貨報價單_231011_100516.pdf,,,,,,,39.8,kg,沙2,
431, 金錢展P2911,金錢𦟌,盈星,BEEF,,巴西,MINERVA,20231011現貨報價單_231011_100516.pdf,,,,,,,38.0,kg,其士,
432, 牛仔扒 P4507,牛仔扒,盈星,BEEF,,巴西,ANGLO,20231011現貨報價單_231011_100516.pdf,,,,,,,15.5,kg,沙2,
433,,牛仔扒,盈星,BEEF,,巴西,,20231011現貨報價單_231011_100516.pdf,,,,,,,24.5,kg,沙2,
434, 牛仔扒P1940,牛仔扒,盈星,BEEF,,巴西,MINERVA,20231011現貨報價單_231011_100516.pdf,,,,,,,15.0,kg,沙2,
434, 牛仔扒P1940,牛仔扒,盈星,BEEF,,巴西,MINERVA,20231011現貨報價單_231011_100516.pdf,,,,,,,15.0,kg,其士,
434, 牛仔扒P1940,牛仔扒,盈星,BEEF,,巴西,MINERVA,20231011現貨報價單_231011_100516.pdf,,,,,,,15.0,kg,光1,
435, 牛仔扒P2500,牛仔扒,盈星,BEEF,,巴西,MINERVA,20231011現貨報價單_231011_100516.pdf,,,,,,,15.0,kg,沙2,
436, 牛仔扒P2911,牛仔扒,盈星,BEEF,,巴西,MINERVA,20231011現貨報價單_231011_100516.pdf,,,,,,,15.5,kg,其士,
437, 牛仔扒P2471,牛仔扒,盈星,BEEF,,巴西,MINERVA,20231011現貨報價單_231011_100516.pdf,,,,,,,15.0,kg,沙2,
438, 牛仔扒 P421 / P431,牛仔扒,盈星,BEEF,,巴西,MINERVA,20231011現貨報價單_231011_100516.pdf,,,,,,,15.0,kg,其士,
439, 牛仔扒 P431,牛仔扒,盈星,BEEF,,巴西,MINERVA,20231011現貨報價單_231011_100516.pdf,,,,,,,15.0,kg,沙2,
440, 牛仔扒 P791,牛仔扒,盈星,BEEF,,巴西,MINERVA,20231011現貨報價單_231011_100516.pdf,,,,,,,15.0,kg,沙2,
440, 牛仔扒 P791,牛仔扒,盈星,BEEF,,巴西,MINERVA,20231011現貨報價單_231011_100516.pdf,,,,,,,15.0,kg,光1,
441, 牛仔扒(不分廠號),牛仔扒,盈星,BEEF,,巴西,MINERVA,20231011現貨報價單_231011_100516.pdf,,,,,,,15.0,kg,沙2,
442,,,盈星,,,巴西,,20231011現貨報價單_231011_100516.pdf,,,,,,,23.0,kg,沙2,
443,,,盈星,,,阿根廷,,20231011現貨報價單_231011_100516.pdf,,,,,,,13.5,kg,沙2,
443,,,盈星,,,阿根廷,,20231011現貨報價單_231011_100516.pdf,,,,,,,13.5,kg,其士,
444, 牛冧4K+,牛冧,盈星,BEEF,,巴西,FRIGON,20231011現貨報價單_231011_100516.pdf,4K+,,,,,,21.6,kg,沙2,
445, 牛骨髓,牛骨髓,盈星,BEEF,,巴西,FRIALTO,20231011現貨報價單_231011_100516.pdf,,,,,,,36.0,kg,沙2,
446,,西冷,盈星,BEEF,,巴西,,20231011現貨報價單_231011_100516.pdf,4K+,,,,,,27.0,kg,沙2,
447,,牛膀,盈星,BEEF,,巴西,,20231011現貨報價單_231011_100516.pdf,,,,,,,7.0,kg,沙2,
448, 牛膀,牛膀,盈星,BEEF,,巴西,MINERVA,20231011現貨報價單_231011_100516.pdf,,,,,,,6.8,kg,沙2,
449, 牛尾,牛尾,盈星,BEEF,,巴西,MINERVA,20231011現貨報價單_231011_100516.pdf,,,,,,,17.0,kg,其士,
450,,牛孖筋,盈星,BEEF,,巴西,,20231011現貨報價單_231011_100516.pdf,,,,,,,10.0,kg,沙2,
451,,牛孖筋,盈星,BEEF,,巴西,,20231011現貨報價單_231011_100516.pdf,,,,,,,18.3,kg,沙2,
452,,牛柳,盈星,BEEF,,巴西,,20231011現貨報價單_231011_100516.pdf,3/4,,,,,,40.5,kg,沙2,
453,,牛柳,盈星,BEEF,,巴西,,20231011現貨報價單_231011_100516.pdf,4/5,,,,,,41.0,kg,沙2,
454,,牛柳,盈星,BEEF,,巴西,,20231011現貨報價單_231011_100516.pdf,,,,,,,41.5,kg,沙2,
455, 牛脷,牛舌,盈星,BEEF,,巴西,FRIALTO,20231011現貨報價單_231011_100516.pdf,,,,,,,12.1,kg,沙2,
456,,牛舌,盈星,BEEF,,巴西,,20231011現貨報價單_231011_100516.pdf,,,,,,,11.8,kg,沙2,
457, A級雞腳 50G+,雞腳,盈星,CHICKEN,,巴西,UNIAVES,20231011現貨報價單_231011_100516.pdf,50G+,,,,,,5.2,kg,亞洲,
458,FRIATO A級雞腳 50G+,雞腳,盈星,CHICKEN,,巴西,FRIALTO,20231011現貨報價單_231011_100516.pdf,50G+,,,,,,5.0,kg,亞洲,
459, 帶皮無骨雞脾肉,,盈星,,,巴西,AURORA,20231011現貨報價單_231011_100516.pdf,帶皮,,,,,,6.6,kg,沙2,
460, 雞脾,,盈星,,,巴西,AURORA,20231011現貨報價單_231011_100516.pdf,,,,,,,6.3,kg,沙2,
460, 雞脾,,盈星,,,巴西,AURORA,20231011現貨報價單_231011_100516.pdf,,,,,,,6.3,kg,其士,
461,,鳳爪,盈星,CHICKEN,,美國,,20231011現貨報價單_231011_100516.pdf,,,,,,,11.8,kg,沙2,
462,,鳳爪,盈星,CHICKEN,,美國,,20231011現貨報價單_231011_100516.pdf,,,,,,,7.1,kg,沙2,
463, 雞全雞100G+,全雞,盈星,CHICKEN,,巴西,AURORA,20231011現貨報價單_231011_100516.pdf,100G+,,,,,,10.4,kg,沙2,
464,,,盈星,,,美國,,20231011現貨報價單_231011_100516.pdf,,,,,,,8.0,lb,沙2,
465,,,盈星,,,美國,,20231011現貨報價單_231011_100516.pdf,,,,,,,8.0,lb,沙2,
466,,,盈星,,,美國,,20231011現貨報價單_231011_100516.pdf,+200G,,,,,,7.8,lb,沙2,
467,,,盈星,,,美國,,20231011現貨報價單_231011_100516.pdf,220/240,,,,,,7.5,lb,沙2,
468,,,盈星,,,美國,,20231011現貨報價單_231011_100516.pdf,240/260,,,,,,7.5,lb,沙2,
469,,,盈星,,,美國,,20231011現貨報價單_231011_100516.pdf,,,,,,,6.5,lb,沙2,
470,,火雞子,盈星,CHICKEN,,美國,,20231011現貨報價單_231011_100516.pdf,,,,,,,18.5,lb,其士,
471,,火雞子,盈星,CHICKEN,,俄羅斯,,20231011現貨報價單_231011_100516.pdf,,,,,,,21.0,kg,亞洲,
472,,,盈星,,,美國,,20231011現貨報價單_231011_100516.pdf,,,,,,,15.8,lb,其士,
473,,,盈星,,,美國,,20231011現貨報價單_231011_100516.pdf,,,,,,,14.0,lb,其士,
474,,,盈星,,,巴西,,202311-22現貨報價單.pdf,,,,,,,26.5,kg,沙2,
475, 牛腩80VL,牛腩,盈星,BEEF,,巴西,MINERVA,202311-22現貨報價單.pdf,80VL,,,,,,15.8,kg,沙2,
476, 牛肋條,牛肋條,盈星,BEEF,,巴西,ANGLO,202311-22現貨報價單.pdf,,,,,,,26.5,kg,沙2,
477,,牛肋條,盈星,BEEF,,巴西,,202311-22現貨報價單.pdf,,,,,,,26.7,kg,沙2,
478, 牛肋條P2911,牛肋條,盈星,BEEF,,巴西,MINERVA,202311-22現貨報價單.pdf,,,,,,,27.0,kg,沙2,
478, 牛肋條P2911,牛肋條,盈星,BEEF,,巴西,MINERVA,202311-22現貨報價單.pdf,,,,,,,27.0,kg,其士,
479,,金錢𦟌,盈星,BEEF,,巴西,,202311-22現貨報價單.pdf,,,,,,,39.0,kg,沙2,
480, 金錢展P2911,金錢𦟌,盈星,BEEF,,巴西,MINERVA,202311-22現貨報價單.pdf,,,,,,,33.8,kg,其士,
481, 金錢展,金錢𦟌,盈星,BEEF,,巴西,MINERVA,202311-22現貨報價單.pdf,,,,,,,33.8,kg,嘉威,
482, 牛柳頭1K+,牛柳頭,盈星,BEEF,,巴西,MINERVA,202311-22現貨報價單.pdf,1K+,,,,,,25.5,kg,沙2,
483, 牛仔扒 P4507,牛仔扒,盈星,BEEF,,巴西,ANGLO,202311-22現貨報價單.pdf,,,,,,,15.2,kg,沙2,
484, 牛仔扒P1940,牛仔扒,盈星,BEEF,,巴西,MINERVA,202311-22現貨報價單.pdf,,,,,,,15.3,kg,沙2,
484, 牛仔扒P1940,牛仔扒,盈星,BEEF,,巴西,MINERVA,202311-22現貨報價單.pdf,,,,,,,15.3,kg,其士,
485, 牛仔扒P2500,牛仔扒,盈星,BEEF,,巴西,MINERVA,202311-22現貨報價單.pdf,,,,,,,15.3,kg,沙2,
486, 牛仔扒P2471,牛仔扒,盈星,BEEF,,巴西,MINERVA,202311-22現貨報價單.pdf,,,,,,,15.3,kg,沙2,
487, 牛仔扒 P421 / P431,牛仔扒,盈星,BEEF,,巴西,MINERVA,202311-22現貨報價單.pdf,,,,,,,15.3,kg,其士,
488, 牛仔扒 P791,牛仔扒,盈星,BEEF,,巴西,MINERVA,202311-22現貨報價單.pdf,,,,,,,15.3,kg,沙2,
488, 牛仔扒 P791,牛仔扒,盈星,BEEF,,巴西,MINERVA,202311-22現貨報價單.pdf,,,,,,,15.3,kg,光1,
489, 牛仔扒(不分廠號),牛仔扒,盈星,BEEF,,巴西,MINERVA,202311-22現貨報價單.pdf,,,,,,,15.3,kg,沙2,
490,,,盈星,,,巴西,,202311-22現貨報價單.pdf,,,,,,,18.5,kg,沙2,
491,,,盈星,,,阿根廷,,202311-22現貨報價單.pdf,,,,,,,13.5,kg,沙2,
491,,,盈星,,,阿根廷,,202311-22現貨報價單.pdf,,,,,,,13.5,kg,其士,
492,,豬頸骨,盈星,PORK,,巴西,,202311-22現貨報價單.pdf,,,,,,,7.5,kg,沙2,
493, 牛骨髓,牛骨髓,盈星,BEEF,,巴西,ANGLO,202311-22現貨報價單.pdf,,,,,,,32.0,kg,沙2,
494, 牛骨髓,牛骨髓,盈星,BEEF,,巴西,FRIALTO,202311-22現貨報價單.pdf,,,,,,,36.0,kg,沙2,
495,,西冷,盈星,BEEF,,巴西,,202311-22現貨報價單.pdf,4K+,,,,,,25.3,kg,沙2,
496,,牛膀,盈星,BEEF,,巴西,,202311-22現貨報價單.pdf,,,,,,,5.4,kg,沙2,
497, 牛膀,牛膀,盈星,BEEF,,巴西,MINERVA,202311-22現貨報價單.pdf,,,,,,,5.2,kg,沙2,
498, 牛尾,牛尾,盈星,BEEF,,巴西,MINERVA,202311-22現貨報價單.pdf,,,,,,,16.7,kg,其士,
499, 牛尾,牛尾,盈星,BEEF,,巴西,NATURAFRIG,202311-22現貨報價單.pdf,,,,,,,16.2,kg,沙2,
500,,牛孖筋,盈星,BEEF,,巴西,,202311-22現貨報價單.pdf,,,,,,,10.8,kg,沙2,
501,,牛孖筋,盈星,BEEF,,巴西,,202311-22現貨報價單.pdf,,,,,,,11.1,kg,沙2,
502,,牛孖筋,盈星,BEEF,,巴西,,202311-22現貨報價單.pdf,,,,,,,18.8,kg,沙2,
503, 牛柳3/4,牛柳,盈星,BEEF,,巴西,ANGLO,202311-22現貨報價單.pdf,3/4,,,,,,40.0,kg,沙2,
504, 牛柳4/5,牛柳,盈星,BEEF,,巴西,ANGLO,202311-22現貨報價單.pdf,4/5,,,,,,40.2,kg,沙2,
505, 牛柳5+,牛柳,盈星,BEEF,,巴西,ANGLO,202311-22現貨報價單.pdf,,,,,,,40.2,kg,沙2,
506,,牛柳,盈星,BEEF,,巴西,,202311-22現貨報價單.pdf,4/5,,,,,,40.5,kg,沙2,
507,,牛柳,盈星,BEEF,,巴西,,202311-22現貨報價單.pdf,,,,,,,40.5,kg,沙2,
508, 牛脷,牛舌,盈星,BEEF,,巴西,FRIALTO,202311-22現貨報價單.pdf,,,,,,,11.7,kg,沙2,
509,,牛舌,盈星,BEEF,,巴西,,202311-22現貨報價單.pdf,,,,,,,11.3,kg,沙2,
510, 牛脷,牛舌,盈星,BEEF,,巴西,NATURAFRIG,202311-22現貨報價單.pdf,,,,,,,10.8,kg,沙2,
511,,牛草肚,盈星,BEEF,,巴西,,202311-22現貨報價單.pdf,,,,,,,9.0,kg,沙2,
512,FRIATO A級雞腳 50G+,雞腳,盈星,CHICKEN,,巴西,FRIALTO,202311-22現貨報價單.pdf,50G+,,,,,,5.0,kg,亞洲,
513,,鳳爪,盈星,CHICKEN,,美國,,202311-22現貨報價單.pdf,,,,,,,10.7,kg,沙2,
514,,,盈星,,,美國,,202311-22現貨報價單.pdf,,,,,,,7.8,lb,沙2,
515,,,盈星,,,美國,,202311-22現貨報價單.pdf,,,,,,,7.8,lb,沙2,
516,,火雞子,盈星,CHICKEN,,美國,,202311-22現貨報價單.pdf,,,,,,,18.5,lb,其士,
517,,火雞子,盈星,CHICKEN,,俄羅斯,,202311-22現貨報價單.pdf,,,,,,,21.0,kg,亞洲,
518,,,盈星,,,美國,,202311-22現貨報價單.pdf,,,,,,,15.7,lb,其士,
519, 腩排條,,盈星,,,巴西,AURORA,202311-22現貨報價單.pdf,,,,,,,13.0,kg,其士,
520, 腩排條P828,,盈星,,,巴西,AURORA,202311-22現貨報價單.pdf,,,,,,,13.2,kg,沙2,
521, 帶骨豬腩,豬腩帶骨,盈星,PORK,,巴西,ALIBEM,202311-22現貨報價單.pdf,帶骨,,,,,,14.4,kg,沙2,
522, A級挑骨豬腩,豬腩挑骨,盈星,PORK,,荷蘭,P109,202311-22現貨報價單.pdf,挑骨,,,,,,12.8,kg,沙2,
523, A級挑骨豬腩,豬腩挑骨,盈星,PORK,,荷蘭,P584,202311-22現貨報價單.pdf,挑骨,,,,,,13.5,kg,沙2,
524, 豬耳片,,盈星,,,巴西,FRIMESA,202311-22現貨報價單.pdf,,,,,,,11.0,kg,其士,
525, 豬後腳,,盈星,,,巴西,FRIMESA,202311-22現貨報價單.pdf,,,,,,,4.2,kg,沙2,
526, 豬梅肉,豬梅肉,盈星,PORK,,巴西,ALIBEM,202311-22現貨報價單.pdf,,,,,,,11.0,kg,沙2,
526, 豬梅肉,豬梅肉,盈星,PORK,,巴西,ALIBEM,202311-22現貨報價單.pdf,,,,,,,11.0,kg,其士,
527, 豬梅肉,豬梅肉,盈星,PORK,,巴西,FRIMESA,202311-22現貨報價單.pdf,,,,,,,10.8,kg,沙2,
528, 豬梅肉,豬梅肉,盈星,PORK,,巴西,PALMALI,202311-22現貨報價單.pdf,,,,,,,10.5,kg,沙2,
529, 四肉,豬四肉,盈星,PORK,,巴西,ALIBEM,202311-22現貨報價單.pdf,,,,,,,8.5,kg,其士,
530, 四肉,豬四肉,盈星,PORK,,巴西,FRIMESA,202311-22現貨報價單.pdf,,,,,,,8.5,kg,沙2,
531, 削骨豬扒,豬扒,盈星,PORK,,巴西,ALIBEM,202311-22現貨報價單.pdf,削骨,,,,,,9.5,kg,沙2,
532, 帶骨豬扒,豬扒,盈星,PORK,,巴西,FRIMESA,202311-22現貨報價單.pdf,帶骨,,,,,,9.0,kg,沙2,
533, 半熟豬肚,豬肚,盈星,PORK,,巴西,ALIBEM,202311-22現貨報價單.pdf,,,,,,,9.2,kg,沙2,
534,,豬肚,盈星,PORK,,,,202311-22現貨報價單.pdf,,,,,,,8.7,kg,其士,
535,,豬肚,盈星,PORK,,,,202311-22現貨報價單.pdf,,,,,,,9.0,kg,其士,
536, 豬頸骨,豬頸骨,盈星,PORK,,巴西,SULITA,202311-22現貨報價單.pdf,,,,,,,5.7,kg,亞洲,
537, 豬仔骨,,盈星,,,巴西,AURORA,202311-22現貨報價單.pdf,,,,,,,12.8,kg,沙2,
537, 豬仔骨,,盈星,,,巴西,AURORA,202311-22現貨報價單.pdf,,,,,,,12.8,kg,其士,
538, 豬軟骨,豬軟骨,盈星,PORK,,荷蘭,P584,202311-22現貨報價單.pdf,,,,,,,16.5,kg,沙2,
539, 豬肋排,豬肋排,盈星,PORK,,巴西,AURORA,202311-22現貨報價單.pdf,,,,,,,14.5,kg,沙2,
539, 豬肋排,豬肋排,盈星,PORK,,巴西,AURORA,202311-22現貨報價單.pdf,,,,,,,14.5,kg,其士,
540, 豬肋排,豬肋排,盈星,PORK,,巴西,FRIMESA,202311-22現貨報價單.pdf,,,,,,,14.8,kg,沙2,
540, 豬肋排,豬肋排,盈星,PORK,,巴西,FRIMESA,202311-22現貨報價單.pdf,,,,,,,14.8,kg,其士,
541, 豬大腸,豬大腸,盈星,PORK,,巴西,PALMALI,202311-22現貨報價單.pdf,,,,,,,9.2,kg,沙2,
542,,,盈星,,,巴西,,20240219.pdf,,,,,,,26.5,kg,沙2,
543,,牛腩,盈星,BEEF,,巴西,,20240219.pdf,,,,,,,14.8,kg,沙2,
544,,牛肋條,盈星,BEEF,,巴西,,20240219.pdf,,,,,,,23.5,kg,沙2,
545,,牛肋條,盈星,BEEF,,巴西,,20240219.pdf,,,,,,,24.0,kg,沙2,
546, 牛肋條,牛肋條,盈星,BEEF,,巴西,FRIALTO,20240219.pdf,,,,,,,23.5,kg,沙2,
547, 牛肋條 P2911,牛肋條,盈星,BEEF,,巴西,MINERVA,20240219.pdf,,,,,,,24.0,kg,其士,
548, 牛肋條 P421/451/2500,牛肋條,盈星,BEEF,,巴西,MINERVA,20240219.pdf,1/2,,,,,,23.5,kg,沙2,
549, 牛肋條(不分廠號),牛肋條,盈星,BEEF,,巴西,MINERVA,20240219.pdf,,,,,,,23.5,kg,沙2,
550, 牛肋條,牛肋條,盈星,BEEF,,巴西,NATURAFRIG,20240219.pdf,,,,,,,23.3,kg,沙2,
551,,豬腿筒骨,盈星,PORK,,巴西,,20240219.pdf,,,,,,,8.2,kg,沙2,
552,,金錢𦟌,盈星,BEEF,,巴西,,20240219.pdf,,,,,,,37.0,kg,沙2,
553,,牛柳頭,盈星,BEEF,,巴西,,20240219.pdf,1.5K+,,,,,,22.3,kg,沙2,
554, 牛柳頭1K+P791,牛柳頭,盈星,BEEF,,巴西,MINERVA,20240219.pdf,1K+,,,,,,23.5,kg,沙2,
555,,牛仔扒,盈星,BEEF,,巴西,,20240219.pdf,,,,,,,26.0,kg,沙2,
556, 牛仔扒P1940,牛仔扒,盈星,BEEF,,巴西,MINERVA,20240219.pdf,,,,,,,15.3,kg,其士,
557, 牛仔扒P2500,牛仔扒,盈星,BEEF,,巴西,MINERVA,20240219.pdf,,,,,,,15.3,kg,沙2,
558, 牛仔扒 P791,牛仔扒,盈星,BEEF,,巴西,MINERVA,20240219.pdf,,,,,,,15.3,kg,沙2,
559, 牛仔扒(不分廠號),牛仔扒,盈星,BEEF,,巴西,MINERVA,20240219.pdf,,,,,,,15.3,kg,沙2,
560, 牛面肉,,盈星,,,巴西,ANGLO,20240219.pdf,,,,,,,11.0,kg,沙2,
561,,牛冧,盈星,BEEF,,巴西,,20240219.pdf,,,,,,,19.2,kg,沙2,
562,,牛冧,盈星,BEEF,,巴西,,20240219.pdf,,,,,,,19.8,kg,沙2,
563,,豬頸骨,盈星,PORK,,巴西,,20240219.pdf,,,,,,,5.8,kg,沙2,
564, 牛骨髓,牛骨髓,盈星,BEEF,,巴西,ANGLO,20240219.pdf,,,,,,,21.0,kg,沙2,
565, 牛骨髓(B),牛骨髓,盈星,BEEF,,巴西,ANGLO,20240219.pdf,,,,,,,12.0,kg,沙2,
566, 牛骨髓(C),牛骨髓,盈星,BEEF,,巴西,ANGLO,20240219.pdf,,,,,,,10.0,kg,沙2,
567, 牛骨髓,牛骨髓,盈星,BEEF,,巴西,FRIALTO,20240219.pdf,,,,,,,36.0,kg,沙2,
568,,西冷,盈星,BEEF,,巴西,,20240219.pdf,4K+,,,,,,23.0,kg,沙2,
569,,牛膀,盈星,BEEF,,巴西,,20240219.pdf,,,,,,,4.8,kg,沙2,
570, 牛膀,牛膀,盈星,BEEF,,巴西,MINERVA,20240219.pdf,,,,,,,4.6,kg,沙2,
571, 牛尾,牛尾,盈星,BEEF,,巴西,MINERVA,20240219.pdf,,,,,,,15.8,kg,其士,
572, 牛尾,牛尾,盈星,BEEF,,巴西,NATURAFRIG,20240219.pdf,,,,,,,15.5,kg,沙2,
573,,牛孖筋,盈星,BEEF,,巴西,,20240219.pdf,,,,,,,10.8,kg,沙2,
574,,牛孖筋,盈星,BEEF,,巴西,,20240219.pdf,,,,,,,10.5,kg,沙2,
575, 牛孖筋,牛孖筋,盈星,BEEF,,巴西,ANGLO,20240219.pdf,,,,,,,14.6,kg,沙2,
576, 牛孖筋 P431/P1940,牛孖筋,盈星,BEEF,,巴西,MINERVA,20240219.pdf,,,,,,,14.3,kg,沙2,
577, 牛孖筋 P421/P451,牛孖筋,盈星,BEEF,,巴西,MINERVA,20240219.pdf,,,,,,,14.0,kg,沙2,
578,,牛柳,盈星,BEEF,,巴西,,20240219.pdf,3/4,,,,,,37.5,kg,沙2,
579, 牛脷,牛舌,盈星,BEEF,,巴西,FRIALTO,20240219.pdf,,,,,,,11.0,kg,沙2,
580,,牛舌,盈星,BEEF,,巴西,,20240219.pdf,,,,,,,10.0,kg,沙2,
581,,牛舌,盈星,BEEF,,巴西,,20240219.pdf,,,,,,,10.2,kg,沙2,
582,,牛舌,盈星,BEEF,,巴西,,20240219.pdf,直,,,,,,9.5,kg,沙2,
583,,牛草肚,盈星,BEEF,,巴西,,20240219.pdf,,,,,,,8.1,kg,沙2,
584,FRIATO A級雞腳 50G+,雞腳,盈星,CHICKEN,,巴西,FRIALTO,20240219.pdf,50G+,,,,,,5.8,kg,沙2,
585, 雞中翼35G+,雞中翼,盈星,CHICKEN,,巴西,CANCAO,20240219.pdf,35G+,,,,,,15.5,kg,沙2,
586, 雞中翼35G+,雞中翼,盈星,CHICKEN,,巴西,MISTER FRANGO,20240219.pdf,35G+,,,,,,15.1,kg,沙2,
587,FRIATO 雞中翼40G+,雞中翼,盈星,CHICKEN,,巴西,FRIALTO,20240219.pdf,40G+,,,,,,14.8,kg,沙2,
588,,鳳爪,盈星,CHICKEN,,美國,,20240219.pdf,,,,,,,12.3,kg,沙2,
589,,,盈星,,,美國,,20240219.pdf,,,,,,,7.3,lb,沙2,
590,,,盈星,,,美國,,20240219.pdf,,,,,,,7.6,lb,沙2,
591,,,盈星,,,美國,,20240219.pdf,+200G,,,,,,7.6,lb,沙2,
592,,,盈星,,,美國,,20240219.pdf,+200G,,,,,,7.5,lb,沙2,
593,,,盈星,,,美國,,20240219.pdf,220/240,,,,,,7.6,lb,沙2,
594,,,盈星,,,美國,,20240219.pdf,240/260,,,,,,7.5,lb,沙2,
595,CASE FARMS 珍寶雞脾,,盈星,,,美國,CASEFARM,20240219.pdf,,,,,,,7.3,lb,沙2,
596,,火雞子,盈星,CHICKEN,,美國,,20240219.pdf,,,,,,,17.5,lb,沙2,
596,,火雞子,盈星,CHICKEN,,美國,,20240219.pdf,,,,,,,17.5,lb,其士,
597,,火雞子,盈星,CHICKEN,,俄羅斯,,20240219.pdf,,,,,,,21.0,kg,亞洲,
598,,,盈星,,,美國,,20240219.pdf,,,,,,,12.0,lb,沙2,
598,,,盈星,,,美國,,20240219.pdf,,,,,,,12.0,lb,其士,
599, 帶骨豬腩,豬腩帶骨,盈星,PORK,,巴西,ALIBEM,20240219.pdf,帶骨,,,,,,13.7,kg,沙2,
600,,豬腩帶骨,盈星,PORK,,巴西,,20240219.pdf,帶骨,,,,,,13.5,kg,沙2,
601, 豬耳片,,盈星,,,巴西,ALIBEM,20240219.pdf,,,,,,,9.5,kg,沙2,
602, 豬前手,,盈星,,,巴西,FRIMESA,20240219.pdf,,,,,,,5.2,kg,沙2,
603, 豬踭,豬踭,盈星,PORK,,加拿大,OLYMEL,20240219.pdf,,,,,,,7.6,kg,沙2,
604, 豬梅肉,豬梅肉,盈星,PORK,,巴西,ALIBEM,20240219.pdf,,,,,,,10.0,kg,沙2,
604, 豬梅肉,豬梅肉,盈星,PORK,,巴西,ALIBEM,20240219.pdf,,,,,,,10.0,kg,其士,
605, 豬梅肉,豬梅肉,盈星,PORK,,巴西,AURORA,20240219.pdf,,,,,,,9.3,kg,沙2,
606, 豬三肉,豬肉眼,盈星,PORK,,巴西,PIF PAF,20240219.pdf,,,,,,,10.8,kg,沙2,
607, 削骨豬扒,豬扒,盈星,PORK,,巴西,AURORA,20240219.pdf,削骨,,,,,,8.8,kg,其士,
608, 豬頸骨,豬頸骨,盈星,PORK,,巴西,SULITA,20240219.pdf,,,,,,,5.0,kg,沙2,
609, 豬仔骨 P828,,盈星,,,巴西,AURORA,20240219.pdf,,,,,,,12.8,kg,沙2,
609, 豬仔骨 P828,,盈星,,,巴西,AURORA,20240219.pdf,,,,,,,12.8,kg,其士,
610, 豬仔骨 P2183,,盈星,,,巴西,AURORA,20240219.pdf,,,,,,,11.7,kg,沙2,
611, 豬肋排(餅庄),豬肋排,盈星,PORK,,巴西,ALIBEM,20240219.pdf,,,,,,,12.9,kg,沙2,
612, 豬肋排(分包),豬肋排,盈星,PORK,,巴西,ALIBEM,20240219.pdf,分包,,,,,,12.3,kg,沙2,
613, 豬肋排,豬肋排,盈星,PORK,,巴西,FRIMESA,20240219.pdf,,,,,,,14.0,kg,沙2,
614, 豬脷,豬舌,盈星,PORK,,巴西,FRIMESA,20240219.pdf,,,,,,,6.5,kg,沙2,
615, (半熟)豬大腸,豬大腸,盈星,PORK,,巴西,ALIBEM,20240219.pdf,,,,,,,16.0,kg,沙2,
616, 熟豬大腸,豬大腸,盈星,PORK,,巴西,AURORA,20240219.pdf,,,,,,,16.2,kg,沙2,
617,,,盈星,,,巴西,,20240318.pdf,,,,,,,26.5,kg,沙2,
618,,牛腩,盈星,BEEF,,巴西,,20240318.pdf,,,,,,,13.3,kg,沙2,
619, 牛腩P1940,牛腩,盈星,BEEF,,巴西,PUL,20240318.pdf,,,,,,,13.4,kg,沙2,
620, 牛腩P421/P431,牛腩,盈星,BEEF,,巴西,PUL,20240318.pdf,,,,,,,13.2,kg,沙2,
621,,牛肋條,盈星,BEEF,,巴西,,20240318.pdf,,,,,,,23.3,kg,沙2,
622,,牛肋條,盈星,BEEF,,巴西,,20240318.pdf,,,,,,,23.5,kg,沙2,
623, 牛肋條,牛肋條,盈星,BEEF,,巴西,FRIALTO,20240318.pdf,,,,,,,23.3,kg,沙2,
624,,牛肋條,盈星,BEEF,,巴西,,20240318.pdf,,,,,,,24.2,kg,沙2,
625, 牛肋條 P2911,牛肋條,盈星,BEEF,,巴西,MINERVA,20240318.pdf,,,,,,,23.6,kg,其士,
626, 牛肋條 P421/451/2500,牛肋條,盈星,BEEF,,巴西,MINERVA,20240318.pdf,1/2,,,,,,23.3,kg,沙2,
627, 牛肋條(不分廠號),牛肋條,盈星,BEEF,,巴西,MINERVA,20240318.pdf,,,,,,,23.3,kg,沙2,
628, 牛肋條,牛肋條,盈星,BEEF,,巴西,NATURAFRIG,20240318.pdf,,,,,,,23.3,kg,沙2,
629, 牛肋條,牛肋條,盈星,BEEF,,巴西,PUL,20240318.pdf,,,,,,,23.3,kg,沙2,
630,,豬腿筒骨,盈星,PORK,,巴西,,20240318.pdf,,,,,,,7.9,kg,沙2,
631,,牛前筒骨,盈星,BEEF,,巴西,,20240318.pdf,,,,,,,7.7,kg,沙2,
632, 金錢展,金錢𦟌,盈星,BEEF,,巴西,ANGLO,20240318.pdf,,,,,,,27.7,kg,沙2,
633,,金錢𦟌,盈星,BEEF,,巴西,,20240318.pdf,,,,,,,36.0,kg,沙2,
634,,金錢𦟌,盈星,BEEF,,巴西,,20240318.pdf,,,,,,,28.0,kg,沙2,
635, 金錢展P1940,金錢𦟌,盈星,BEEF,,巴西,PUL,20240318.pdf,,,,,,,29.0,kg,沙2,
636, 金錢展P431,金錢𦟌,盈星,BEEF,,巴西,PUL,20240318.pdf,,,,,,,28.5,kg,沙2,
637, 金錢展P451,金錢𦟌,盈星,BEEF,,巴西,PUL,20240318.pdf,,,,,,,28.3,kg,沙2,
638,,牛柳頭,盈星,BEEF,,巴西,,20240318.pdf,1.5K+,,,,,,22.5,kg,沙2,
639, 牛柳頭1K+P791,牛柳頭,盈星,BEEF,,巴西,MINERVA,20240318.pdf,1K+,,,,,,22.7,kg,沙2,
640, 牛柳頭1K+,牛柳頭,盈星,BEEF,,巴西,PUL,20240318.pdf,1K+,,,,,,22.7,kg,沙2,
641,,牛仔扒,盈星,BEEF,,巴西,,20240318.pdf,,,,,,,26.0,kg,沙2,
642,,牛仔扒,盈星,BEEF,,巴西,,20240318.pdf,,,,,,,25.5,kg,沙2,
643, 牛仔扒P1940,牛仔扒,盈星,BEEF,,巴西,MINERVA,20240318.pdf,,,,,,,15.3,kg,其士,
644, 牛仔扒P2500,牛仔扒,盈星,BEEF,,巴西,MINERVA,20240318.pdf,,,,,,,15.7,kg,光1,
645, 牛仔扒 P791,牛仔扒,盈星,BEEF,,巴西,MINERVA,20240318.pdf,,,,,,,15.3,kg,沙2,
646, 牛仔扒(不分廠號),牛仔扒,盈星,BEEF,,巴西,MINERVA,20240318.pdf,,,,,,,15.3,kg,沙2,
647, 牛仔扒,牛仔扒,盈星,BEEF,,巴西,PUL,20240318.pdf,,,,,,,15.7,kg,沙2,
648, 牛面肉,,盈星,,,巴西,ANGLO,20240318.pdf,,,,,,,10.7,kg,沙2,
649,,牛冧,盈星,BEEF,,巴西,,20240318.pdf,,,,,,,18.8,kg,沙2,
650,,牛冧,盈星,BEEF,,巴西,,20240318.pdf,,,,,,,18.4,kg,沙2,
651,,豬頸骨,盈星,PORK,,巴西,,20240318.pdf,,,,,,,5.7,kg,沙2,
652,,牛柏葉,盈星,BEEF,,巴西,,20240318.pdf,,,,,,,22.0,kg,沙2,
653,,,盈星,,,巴西,,20240318.pdf,,,,,,,40.0,kg,沙2,
654, 牛骨髓,牛骨髓,盈星,BEEF,,巴西,ANGLO,20240318.pdf,,,,,,,21.0,kg,沙2,
655, 牛骨髓(B),牛骨髓,盈星,BEEF,,巴西,ANGLO,20240318.pdf,,,,,,,12.0,kg,沙2,
656, 牛骨髓(C),牛骨髓,盈星,BEEF,,巴西,ANGLO,20240318.pdf,,,,,,,10.0,kg,沙2,
657,,西冷,盈星,BEEF,,巴西,,20240318.pdf,4K+,,,,,,22.7,kg,沙2,
658, 西冷4K+(3條),西冷,盈星,BEEF,,巴西,PUL,20240318.pdf,4K+,,,,,,22.8,kg,沙2,
659,,牛膀,盈星,BEEF,,巴西,,20240318.pdf,,,,,,,4.4,kg,沙2,
660, 牛膀,牛膀,盈星,BEEF,,巴西,MINERVA,20240318.pdf,,,,,,,4.2,kg,沙2,
661,,牛尾,盈星,BEEF,,巴西,,20240318.pdf,,,,,,,15.3,kg,沙2,
662, 牛尾,牛尾,盈星,BEEF,,巴西,MINERVA,20240318.pdf,,,,,,,15.3,kg,其士,
663, 牛尾,牛尾,盈星,BEEF,,巴西,NATURAFRIG,20240318.pdf,,,,,,,15.3,kg,沙2,
664,,牛孖筋,盈星,BEEF,,巴西,,20240318.pdf,,,,,,,10.8,kg,沙2,
665,,牛孖筋,盈星,BEEF,,巴西,,20240318.pdf,,,,,,,10.5,kg,沙2,
666,,牛孖筋,盈星,BEEF,,巴西,,20240318.pdf,,,,,,,17.5,kg,沙2,
667, 牛孖筋 P1940,牛孖筋,盈星,BEEF,,巴西,MINERVA,20240318.pdf,,,,,,,12.8,kg,沙2,
668, 牛孖筋,牛孖筋,盈星,BEEF,,阿根廷,OFFAL,20240318.pdf,,,,,,,10.0,kg,沙2,
669,,牛舌,盈星,BEEF,,巴西,,20240318.pdf,,,,,,,10.0,kg,沙2,
670,,牛舌,盈星,BEEF,,巴西,,20240318.pdf,直,,,,,,9.5,kg,沙2,
671,,牛舌,盈星,BEEF,,巴西,,20240318.pdf,,,,,,,10.2,kg,沙2,
672,,牛草肚,盈星,BEEF,,巴西,,20240318.pdf,,,,,,,8.1,kg,沙2,
673,,,盈星,,,巴西,,20240318.pdf,,,,,,,20.0,kg,沙2,
674, 雞中翼35G+,雞中翼,盈星,CHICKEN,,巴西,CANCAO,20240318.pdf,35G+,,,,,,16.0,kg,沙2,
675,,鳳爪,盈星,CHICKEN,,美國,,20240318.pdf,,,,,,,13.5,kg,沙2,
676,,鳳爪,盈星,CHICKEN,,,,20240318.pdf,,,,,,,9.7,lb,沙2,
677, 雞膝軟骨,,盈星,,,巴西,AURORA,20240318.pdf,,,,,,,21.0,kg,沙2,
678,,,盈星,,,美國,,20240318.pdf,,,,,,,7.3,lb,沙2,
679,,,盈星,,,美國,,20240318.pdf,,,,,,,7.5,lb,沙2,
680,,,盈星,,,美國,,20240318.pdf,+200G,,,,,,7.5,lb,沙2,
681,,,盈星,,,美國,,20240318.pdf,+200G,,,,,,7.4,lb,沙2,
682,,,盈星,,,美國,,20240318.pdf,220/240,,,,,,7.3,lb,沙2,
683,,,盈星,,,美國,,20240318.pdf,240/260,,,,,,7.3,lb,沙2,
684,,,盈星,,,美國,,20240318.pdf,260/280,,,,,,7.2,lb,沙2,
685,,,盈星,,,美國,,20240318.pdf,,,,,,,7.2,lb,沙2,
686,CASE FARMS 珍寶雞脾,,盈星,,,美國,CASEFARM,20240318.pdf,,,,,,,7.2,lb,沙2,
687,,火雞子,盈星,CHICKEN,,美國,,20240318.pdf,,,,,,,17.5,lb,沙2,
688,,火雞子,盈星,CHICKEN,,俄羅斯,,20240318.pdf,,,,,,,21.0,kg,亞洲,
689,,,盈星,,,美國,,20240318.pdf,,,,,,,11.5,lb,沙2,
689,,,盈星,,,美國,,20240318.pdf,,,,,,,11.5,lb,其士,
690,,豬腩帶骨,盈星,PORK,,巴西,,20240318.pdf,帶骨,,,,,,13.8,kg,沙2,
691, A級挑骨豬腩,豬腩挑骨,盈星,PORK,,荷蘭,P109,20240318.pdf,挑骨,,,,,,16.1,kg,沙2,
692, 豬耳片,,盈星,,,巴西,ALIBEM,20240318.pdf,,,,,,,9.5,kg,沙2,
693, 豬踭,豬踭,盈星,PORK,,加拿大,OLYMEL,20240318.pdf,,,,,,,7.6,kg,沙2,
694, 豬梅肉,豬梅肉,盈星,PORK,,巴西,ALIBEM,20240318.pdf,,,,,,,10.4,kg,沙2,
694, 豬梅肉,豬梅肉,盈星,PORK,,巴西,ALIBEM,20240318.pdf,,,,,,,10.4,kg,其士,
695, 豬梅肉,豬梅肉,盈星,PORK,,巴西,AURORA,20240318.pdf,,,,,,,9.5,kg,沙2,
696, 豬梅肉,豬梅肉,盈星,PORK,,巴西,FRIMESA,20240318.pdf,,,,,,,10.2,kg,沙2,
697, 豬三肉,豬肉眼,盈星,PORK,,巴西,PIF PAF,20240318.pdf,,,,,,,10.8,kg,沙2,
698, 四肉,豬四肉,盈星,PORK,,巴西,FRIMESA,20240318.pdf,,,,,,,9.4,kg,沙2,
699, 豬頸骨,豬頸骨,盈星,PORK,,巴西,SULITA,20240318.pdf,,,,,,,4.6,kg,沙2,
700, 豬仔骨 P828,,盈星,,,巴西,AURORA,20240318.pdf,,,,,,,12.6,kg,沙2,
700, 豬仔骨 P828,,盈星,,,巴西,AURORA,20240318.pdf,,,,,,,12.6,kg,其士,
701, 豬仔骨 P2183,,盈星,,,巴西,AURORA,20240318.pdf,,,,,,,11.5,kg,沙2,
702, 豬軟骨,豬軟骨,盈星,PORK,,荷蘭,P109,20240318.pdf,,,,,,,22.5,kg,沙2,
703,,豬軟骨,盈星,PORK,,荷蘭,,20240318.pdf,,,,,,,24.5,kg,沙2,
704, 豬肋排(餅庄),豬肋排,盈星,PORK,,巴西,ALIBEM,20240318.pdf,,,,,,,12.2,kg,沙2,
705, 豬肋排(分包),豬肋排,盈星,PORK,,巴西,ALIBEM,20240318.pdf,分包,,,,,,11.8,kg,沙2,
706, 豬肋排P2183,豬肋排,盈星,PORK,,巴西,AURORA,20240318.pdf,,,,,,,11.6,kg,沙2,
707, 豬肋排P450,豬肋排,盈星,PORK,,巴西,AURORA,20240318.pdf,,,,,,,11.8,kg,沙2,
708, 豬肋排,豬肋排,盈星,PORK,,巴西,FRIMESA,20240318.pdf,,,,,,,13.8,kg,沙2,
709, (半熟)豬大腸,豬大腸,盈星,PORK,,巴西,ALIBEM,20240318.pdf,,,,,,,14.5,kg,沙2,
710, 熟豬大腸,豬大腸,盈星,PORK,,巴西,AURORA,20240318.pdf,,,,,,,14.0,kg,沙2,
711,,牛肺,盈星,BEEF,,巴西,,盈星0606現貨報價單.pdf,,,,,,,4.1,kg,沙2,
712,,,盈星,,,巴西,,盈星0606現貨報價單.pdf,,,,,,,26.5,kg,沙2,
713,,牛前筒骨,盈星,BEEF,,巴西,,盈星0606現貨報價單.pdf,,,,,,,4.4,kg,沙2,
714,,豬腿筒骨,盈星,PORK,,巴西,,盈星0606現貨報價單.pdf,,,,,,,4.4,kg,沙2,
715,,金錢𦟌,盈星,BEEF,,巴西,,盈星0606現貨報價單.pdf,,,,,,,30.0,kg,沙2,
716,,金錢𦟌,盈星,BEEF,,巴西,,盈星0606現貨報價單.pdf,,,,,,,32.0,kg,沙2,
717,,牛柳頭,盈星,BEEF,,巴西,,盈星0606現貨報價單.pdf,1.5K+,,,,,,24.7,kg,沙2,
718, 牛柳頭1K+ P421 /P791,牛柳頭,盈星,BEEF,,巴西,MINERVA,盈星0606現貨報價單.pdf,1K+,,,,,,24.6,kg,沙2,
719, 牛仔扒 P4507,牛仔扒,盈星,BEEF,,巴西,ANGLO,盈星0606現貨報價單.pdf,,,,,,,18.5,kg,沙2,
720,,牛仔扒,盈星,BEEF,,巴西,,盈星0606現貨報價單.pdf,,,,,,,23.0,kg,沙2,
721, 牛仔扒P1940,牛仔扒,盈星,BEEF,,巴西,MINERVA,盈星0606現貨報價單.pdf,,,,,,,17.0,kg,沙2,
721, 牛仔扒P1940,牛仔扒,盈星,BEEF,,巴西,MINERVA,盈星0606現貨報價單.pdf,,,,,,,17.0,kg,其士,
721, 牛仔扒P1940,牛仔扒,盈星,BEEF,,巴西,MINERVA,盈星0606現貨報價單.pdf,,,,,,,17.0,kg,光1,
722, 牛仔扒P2500,牛仔扒,盈星,BEEF,,巴西,MINERVA,盈星0606現貨報價單.pdf,,,,,,,18.0,kg,沙2,
722, 牛仔扒P2500,牛仔扒,盈星,BEEF,,巴西,MINERVA,盈星0606現貨報價單.pdf,,,,,,,18.0,kg,光1,
723, 牛仔扒P2911,牛仔扒,盈星,BEEF,,巴西,MINERVA,盈星0606現貨報價單.pdf,,,,,,,17.0,kg,其士,
724, 牛仔扒P2471,牛仔扒,盈星,BEEF,,巴西,MINERVA,盈星0606現貨報價單.pdf,,,,,,,18.0,kg,沙2,
725, 牛仔扒P421/P431,牛仔扒,盈星,BEEF,,巴西,MINERVA,盈星0606現貨報價單.pdf,,,,,,,18.0,kg,其士,
726, 牛仔扒(不分廠號),牛仔扒,盈星,BEEF,,巴西,MINERVA,盈星0606現貨報價單.pdf,,,,,,,18.0,kg,沙2,
727,,,盈星,,,阿根廷,,盈星0606現貨報價單.pdf,,,,,,,14.0,kg,沙2,
728,,,盈星,,,巴西,,盈星0606現貨報價單.pdf,,,,,,,23.0,kg,沙2,
729, 牛冧4K+,牛冧,盈星,BEEF,,巴西,ANGLO,盈星0606現貨報價單.pdf,4K+,,,,,,18.2,kg,沙2,
729, 牛冧4K+,牛冧,盈星,BEEF,,巴西,ANGLO,盈星0606現貨報價單.pdf,4K+,,,,,,18.2,kg,其士,
730,,牛冧,盈星,BEEF,,巴西,,盈星0606現貨報價單.pdf,4K+,,,,,,18.7,kg,沙2,
731, 牛冧4K+,牛冧,盈星,BEEF,,巴西,MINERVA,盈星0606現貨報價單.pdf,4K+,,,,,,18.5,kg,沙2,
732,,牛柏葉,盈星,BEEF,,巴西,,盈星0606現貨報價單.pdf,,,,,,,19.0,kg,沙2,
733, 牛骨髓,牛骨髓,盈星,BEEF,,巴西,FRIALTO,盈星0606現貨報價單.pdf,,,,,,,36.0,kg,沙2,
734, 西冷4K+(3條)P431,西冷,盈星,BEEF,,巴西,MINERVA,盈星0606現貨報價單.pdf,4K+,,,,,,24.8,kg,沙2,
735, 西冷4K+(3條)P791,西冷,盈星,BEEF,,巴西,MINERVA,盈星0606現貨報價單.pdf,4K+,,,,,,24.6,kg,沙2,
736, 西冷4K+(4/5條),西冷,盈星,BEEF,,巴西,NATURAFRIG,盈星0606現貨報價單.pdf,4/5,4K+,,,,,23.0,kg,沙2,
737, 西冷4K+(6條),西冷,盈星,BEEF,,巴西,NATURAFRIG,盈星0606現貨報價單.pdf,4K+,,,,,,22.0,kg,沙2,
738, 西冷4K+(7條),西冷,盈星,BEEF,,巴西,NATURAFRIG,盈星0606現貨報價單.pdf,4K+,,,,,,22.0,kg,沙2,
739, 牛膀,牛膀,盈星,BEEF,,巴西,MINERVA,盈星0606現貨報價單.pdf,,,,,,,14.0,kg,沙2,
740, 牛仔骨6/7/8,牛仔骨,盈星,BEEF,,英國,ABP,盈星0606現貨報價單.pdf,,,,,,,22.3,kg,亞洲,
741,,牛孖筋,盈星,BEEF,,巴西,,盈星0606現貨報價單.pdf,,,,,,,9.0,kg,沙2,
742,,牛孖筋,盈星,BEEF,,巴西,,盈星0606現貨報價單.pdf,,,,,,,14.0,kg,沙2,
743,,牛孖筋,盈星,BEEF,,巴西,,盈星0606現貨報價單.pdf,,,,,,,7.3,kg,沙2,
744, 牛孖筋,牛孖筋,盈星,BEEF,,阿根廷,OFFAL,盈星0606現貨報價單.pdf,,,,,,,5.2,kg,沙2,
745,,牛柳,盈星,BEEF,,巴西,,盈星0606現貨報價單.pdf,4/5,,,,,,40.0,kg,沙2,
746,,,盈星,,,巴西,,盈星0606現貨報價單.pdf,,,,,,,20.7,kg,沙2,
747,,,盈星,,,美國,,盈星0606現貨報價單.pdf,,,,,,,3.5,kg,沙2,
748,FRIATO A級雞腳 50G+,雞腳,盈星,CHICKEN,,巴西,FRIALTO,盈星0606現貨報價單.pdf,50G+,,,,,,5.8,kg,亞洲,
749, A級雞腳 50G+,雞腳,盈星,CHICKEN,,巴西,UNIAVES,盈星0606現貨報價單.pdf,50G+,,,,,,5.5,kg,亞洲,
750,FRIATO 雞中翼40G+ IQF,雞中翼,盈星,CHICKEN,,巴西,FRIALTO,盈星0606現貨報價單.pdf,40G+,IQF,,,,,11.5,kg,亞洲,
751, 雞中翼40G+,雞中翼,盈星,CHICKEN,,巴西,UNIAVES,盈星0606現貨報價單.pdf,40G+,,,,,,11.8,kg,沙2,
752,,鳳爪,盈星,CHICKEN,,美國,,盈星0606現貨報價單.pdf,,,,,,,9.5,kg,沙2,
752,,鳳爪,盈星,CHICKEN,,美國,,盈星0606現貨報價單.pdf,,,,,,,9.5,kg,其士,
753, 雞膝軟骨,,盈星,,,巴西,AURORA,盈星0606現貨報價單.pdf,,,,,,,14.5,kg,沙2,
753, 雞膝軟骨,,盈星,,,巴西,AURORA,盈星0606現貨報價單.pdf,,,,,,,14.5,kg,亞洲,
754, 雞扒300G+,雞扒,盈星,CHICKEN,,美國,MOUNTAIRE,盈星0606現貨報價單.pdf,+300G,,,,,,7.6,kg,沙2,
755,,,盈星,,,美國,,盈星0606現貨報價單.pdf,,,,,,,7.6,lb,沙2,
756,,,盈星,,,美國,,盈星0606現貨報價單.pdf,+200G,,,,,,7.6,lb,沙2,
757,,,盈星,,,美國,,盈星0606現貨報價單.pdf,220/240,,,,,,7.4,lb,沙2,
758,,,盈星,,,美國,,盈星0606現貨報價單.pdf,240/260,,,,,,7.0,lb,沙2,
759,,,盈星,,,美國,,盈星0606現貨報價單.pdf,260/280,,,,,,7.0,lb,沙2,
760, 珍寶雞脾(層裝),,盈星,,,美國,CASEFARM,盈星0606現貨報價單.pdf,層裝,,,,,,4.7,lb,沙2,
761,,,盈星,,,美國,,盈星0606現貨報價單.pdf,,,,,,,5.7,lb,沙2,
762,,,盈星,,,美國,,盈星0606現貨報價單.pdf,,,,,,,50.0,lb,其士,
763,,火雞子,盈星,CHICKEN,,俄羅斯,,盈星0606現貨報價單.pdf,,,,,,,21.0,kg,亞洲,
764,,,盈星,,,美國,,盈星0606現貨報價單.pdf,,,,,,,18.3,lb,沙2,
765, 腩排條P828,,盈星,,,巴西,AURORA,盈星0606現貨報價單.pdf,,,,,,,10.0,kg,其士,
766,,豬腩帶骨,盈星,PORK,,巴西,,盈星0606現貨報價單.pdf,帶骨,,,,,,13.6,kg,亞洲,
767, A級挑骨豬腩,豬腩挑骨,盈星,PORK,,荷蘭,P109,盈星0606現貨報價單.pdf,挑骨,,,,,,13.8,kg,沙2,
768, A級挑骨豬腩,豬腩挑骨,盈星,PORK,,荷蘭,P584,盈星0606現貨報價單.pdf,挑骨,,,,,,14.3,kg,沙2,
769, A級去皮挑骨豬腩,豬腩挑骨,盈星,PORK,,荷蘭,P584,盈星0606現貨報價單.pdf,挑骨,,,,,,16.0,kg,沙2,
770, 豬耳片727,,盈星,,,巴西,FRIMESA,盈星0606現貨報價單.pdf,,,,,,,9.3,kg,沙2,
771, 豬手 P915/ P2146,豬手,盈星,PORK,,巴西,ALIBEM,盈星0606現貨報價單.pdf,,,,,,,5.4,kg,沙2,
772, 豬手P727,豬手,盈星,PORK,,巴西,FRIMESA,盈星0606現貨報價單.pdf,,,,,,,5.4,kg,沙2,
773, 豬梅肉 P727,豬梅肉,盈星,PORK,,巴西,FRIMESA,盈星0606現貨報價單.pdf,,,,,,,11.5,kg,沙2,
774,,豬梅肉,盈星,PORK,,波蘭,,盈星0606現貨報價單.pdf,,,,,,,15.3,kg,沙2,
775,PP PP三肉,豬肉眼,盈星,PORK,,巴西,PIF PAF,盈星0606現貨報價單.pdf,,,,,,,13.6,kg,沙2,
776, 四肉 P2146,豬四肉,盈星,PORK,,巴西,ALIBEM,盈星0606現貨報價單.pdf,,,,,,,10.0,kg,沙2,
777, 四肉 P151,豬四肉,盈星,PORK,,巴西,ALEGRA,盈星0606現貨報價單.pdf,,,,,,,9.4,kg,沙2,
778, 四肉 P3847,豬四肉,盈星,PORK,,巴西,AURORA,盈星0606現貨報價單.pdf,,,,,,,9.3,kg,沙2,
779, 四肉 P727,豬四肉,盈星,PORK,,巴西,FRIMESA,盈星0606現貨報價單.pdf,,,,,,,10.0,kg,沙2,
780, 削骨豬扒 P915,豬扒,盈星,PORK,,巴西,ALIBEM,盈星0606現貨報價單.pdf,削骨,,,,,,10.0,kg,沙2,
781, 削骨豬扒 P828,豬扒,盈星,PORK,,巴西,AURORA,盈星0606現貨報價單.pdf,削骨,,,,,,8.7,kg,其士,
782, 帶骨豬扒 P167,豬扒,盈星,PORK,,巴西,DALIA,盈星0606現貨報價單.pdf,帶骨,,,,,,8.0,kg,沙2,
783, 豬頸骨 P970,豬頸骨,盈星,PORK,,巴西,SULITA,盈星0606現貨報價單.pdf,,,,,,,6.0,kg,亞洲,
784, 豬仔骨 P3847,,盈星,,,巴西,AURORA,盈星0606現貨報價單.pdf,,,,,,,9.8,kg,其士,
785, 豬軟骨,豬軟骨,盈星,PORK,,荷蘭,P109,盈星0606現貨報價單.pdf,,,,,,,11.9,kg,沙2,
786, 豬軟骨,豬軟骨,盈星,PORK,,荷蘭,P584,盈星0606現貨報價單.pdf,,,,,,,11.7,kg,沙2,
787, 豬肋排P727,豬肋排,盈星,PORK,,巴西,FRIMESA,盈星0606現貨報價單.pdf,,,,,,,12.5,kg,沙2,
787, 豬肋排P727,豬肋排,盈星,PORK,,巴西,FRIMESA,盈星0606現貨報價單.pdf,,,,,,,12.5,kg,其士,
787, 豬肋排P727,豬肋排,盈星,PORK,,巴西,FRIMESA,盈星0606現貨報價單.pdf,,,,,,,12.5,kg,亞洲,
788, 豬肋排(分包),豬肋排,盈星,PORK,,巴西,ALIBEM,盈星0606現貨報價單.pdf,分包,,,,,,11.4,kg,沙2,
